sigunguCd,bjdongCd,dong_name,bun,useYm,useQty_kwh
11110,10100,서울특별시 종로구 청운동,0005,202601,1105.0
11110,10100,서울특별시 종로구 청운동,0006,202601,1023.0
11110,10100,서울특별시 종로구 청운동,0012,202601,92.0
11110,10100,서울특별시 종로구 청운동,0034,202601,859.0
11110,10100,서울특별시 종로구 청운동,0065,202601,2965.0
11110,10100,서울특별시 종로구 청운동,0066,202601,4064.0
11110,10100,서울특별시 종로구 청운동,0069,202601,5675.0
11110,10100,서울특별시 종로구 청운동,0072,202601,4807.0
11110,10100,서울특별시 종로구 청운동,0089,202601,3.0
11110,10100,서울특별시 종로구 청운동,0093,202601,587.0
11110,10100,서울특별시 종로구 청운동,0103,202601,650.0
11110,10100,서울특별시 종로구 청운동,0120,202601,271.0
11110,10100,서울특별시 종로구 청운동,0121,202601,3057.0
11110,10100,서울특별시 종로구 청운동,0123,202601,20101.0
11110,10100,서울특별시 종로구 청운동,0129,202601,76.0
11110,10200,서울특별시 종로구 신교동,0031,202601,587.0
11110,10200,서울특별시 종로구 신교동,0045,202601,870.0
11110,10200,서울특별시 종로구 신교동,0052,202601,6419.0
11110,10200,서울특별시 종로구 신교동,0057,202601,12975.0
11110,10200,서울특별시 종로구 신교동,0059,202601,23291.0
11110,10200,서울특별시 종로구 신교동,0066,202601,58740.0
11110,10200,서울특별시 종로구 신교동,0078,202601,1.0
11110,10500,서울특별시 종로구 창성동,0099,202601,1371.0
11110,10500,서울특별시 종로구 창성동,0116,202601,289.0
11110,10500,서울특별시 종로구 창성동,0120,202601,2916.0
11110,10500,서울특별시 종로구 창성동,0128,202601,2391.0
11110,10500,서울특별시 종로구 창성동,0131,202601,7733.0
11110,10500,서울특별시 종로구 창성동,0134,202601,3595.0
11110,10500,서울특별시 종로구 창성동,0135,202601,1445.0
11110,10500,서울특별시 종로구 창성동,0136,202601,3591.0
11110,10500,서울특별시 종로구 창성동,0140,202601,10086.0
11110,10500,서울특별시 종로구 창성동,0148,202601,1665.0
11110,10500,서울특별시 종로구 창성동,0149,202601,4.0
11110,10500,서울특별시 종로구 창성동,0154,202601,2279.0
11110,10500,서울특별시 종로구 창성동,0160,202601,5891.0
11110,10600,서울특별시 종로구 통의동,0006,202601,10824.0
11110,10600,서울특별시 종로구 통의동,0012,202601,6257.0
11110,10600,서울특별시 종로구 통의동,0013,202601,2766.0
11110,10600,서울특별시 종로구 통의동,0015,202601,148.0
11110,10600,서울특별시 종로구 통의동,0017,202601,1395.0
11110,10600,서울특별시 종로구 통의동,0018,202601,2972.0
11110,10600,서울특별시 종로구 통의동,0023,202601,3434.0
11110,10600,서울특별시 종로구 통의동,0025,202601,477.0
11110,10600,서울특별시 종로구 통의동,0027,202601,1242.0
11110,10600,서울특별시 종로구 통의동,0032,202601,4616.0
11110,10600,서울특별시 종로구 통의동,0033,202601,2169.0
11110,10600,서울특별시 종로구 통의동,0047,202601,8244.0
11110,10600,서울특별시 종로구 통의동,0052,202601,3756.0
11110,10600,서울특별시 종로구 통의동,0059,202601,3493.0
11110,10600,서울특별시 종로구 통의동,0082,202601,724.0
11110,10600,서울특별시 종로구 통의동,0092,202601,7271.0
11110,10600,서울특별시 종로구 통의동,0102,202601,20431.0
11110,10600,서울특별시 종로구 통의동,0104,202601,4287.0
11110,10600,서울특별시 종로구 통의동,0105,202601,6703.0
11110,10600,서울특별시 종로구 통의동,0108,202601,11913.0
11110,10700,서울특별시 종로구 적선동,0001,202601,1392.0
11110,10700,서울특별시 종로구 적선동,0011,202601,9636.0
11110,10700,서울특별시 종로구 적선동,0019,202601,6547.0
11110,10700,서울특별시 종로구 적선동,0020,202601,10461.0
11110,10700,서울특별시 종로구 적선동,0021,202601,4648.0
11110,10700,서울특별시 종로구 적선동,0022,202601,2322.0
11110,10700,서울특별시 종로구 적선동,0023,202601,2595.0
11110,10700,서울특별시 종로구 적선동,0024,202601,664.0
11110,10700,서울특별시 종로구 적선동,0025,202601,6672.0
11110,10700,서울특별시 종로구 적선동,0026,202601,3293.0
11110,10700,서울특별시 종로구 적선동,0027,202601,2383.0
11110,10700,서울특별시 종로구 적선동,0029,202601,14614.0
11110,10700,서울특별시 종로구 적선동,0094,202601,19840.0
11110,10700,서울특별시 종로구 적선동,0096,202601,2974.0
11110,10700,서울특별시 종로구 적선동,0097,202601,10769.0
11110,10700,서울특별시 종로구 적선동,0098,202601,11623.0
11110,10900,서울특별시 종로구 누상동,0025,202601,243.0
11110,10900,서울특별시 종로구 누상동,0035,202601,288.0
11110,10900,서울특별시 종로구 누상동,0041,202601,572.0
11110,10900,서울특별시 종로구 누상동,0050,202601,519.0
11110,10900,서울특별시 종로구 누상동,0052,202601,1462.0
11110,10900,서울특별시 종로구 누상동,0075,202601,274.0
11110,10900,서울특별시 종로구 누상동,0095,202601,1647.0
11110,11000,서울특별시 종로구 누하동,0041,202601,968.0
11110,11000,서울특별시 종로구 누하동,0064,202601,22306.0
11110,11000,서울특별시 종로구 누하동,0100,202601,5046.0
11110,11000,서울특별시 종로구 누하동,0102,202601,370.0
11110,11000,서울특별시 종로구 누하동,0104,202601,2157.0
11110,11000,서울특별시 종로구 누하동,0107,202601,666.0
11110,11000,서울특별시 종로구 누하동,0124,202601,3463.0
11110,11000,서울특별시 종로구 누하동,0145,202601,2280.0
11110,11000,서울특별시 종로구 누하동,0152,202601,2889.0
11110,11000,서울특별시 종로구 누하동,0153,202601,4541.0
11110,11000,서울특별시 종로구 누하동,0176,202601,1024.0
11110,11000,서울특별시 종로구 누하동,0188,202601,2472.0
11110,11000,서울특별시 종로구 누하동,0191,202601,3774.0
11110,11100,서울특별시 종로구 옥인동,0005,202601,761.0
11110,11100,서울특별시 종로구 옥인동,0016,202601,2301.0
11110,11100,서울특별시 종로구 옥인동,0018,202601,12107.0
11110,11100,서울특별시 종로구 옥인동,0037,202601,4245.0
11110,11100,서울특별시 종로구 옥인동,0041,202601,1660.0
11110,11100,서울특별시 종로구 옥인동,0058,202601,245.0
11110,11100,서울특별시 종로구 옥인동,0062,202601,3261.0
11110,11100,서울특별시 종로구 옥인동,0104,202601,6200.0
11110,11100,서울특별시 종로구 옥인동,0107,202601,863.0
11110,11100,서울특별시 종로구 옥인동,0108,202601,4086.0
11110,11100,서울특별시 종로구 옥인동,0109,202601,1113.0
11110,11100,서울특별시 종로구 옥인동,0110,202601,2301.0
11110,11100,서울특별시 종로구 옥인동,0130,202601,72.0
11110,11100,서울특별시 종로구 옥인동,0168,202601,1501.0
11110,11200,서울특별시 종로구 체부동,0005,202601,1847.0
11110,11200,서울특별시 종로구 체부동,0006,202601,3124.0
11110,11200,서울특별시 종로구 체부동,0007,202601,7.0
11110,11200,서울특별시 종로구 체부동,0019,202601,3873.0
11110,11200,서울특별시 종로구 체부동,0024,202601,5282.0
11110,11200,서울특별시 종로구 체부동,0026,202601,5534.0
11110,11200,서울특별시 종로구 체부동,0030,202601,10118.0
11110,11200,서울특별시 종로구 체부동,0034,202601,13.0
11110,11200,서울특별시 종로구 체부동,0038,202601,5720.0
11110,11200,서울특별시 종로구 체부동,0040,202601,5281.0
11110,11200,서울특별시 종로구 체부동,0042,202601,7486.0
11110,11200,서울특별시 종로구 체부동,0044,202601,5415.0
11110,11200,서울특별시 종로구 체부동,0046,202601,5305.0
11110,11200,서울특별시 종로구 체부동,0048,202601,23609.0
11110,11200,서울특별시 종로구 체부동,0051,202601,8232.0
11110,11200,서울특별시 종로구 체부동,0052,202601,13806.0
11110,11200,서울특별시 종로구 체부동,0056,202601,6564.0
11110,11200,서울특별시 종로구 체부동,0057,202601,6064.0
11110,11200,서울특별시 종로구 체부동,0068,202601,14049.0
11110,11200,서울특별시 종로구 체부동,0076,202601,1597.0
11110,11200,서울특별시 종로구 체부동,0078,202601,760.0
11110,11200,서울특별시 종로구 체부동,0080,202601,3455.0
11110,11200,서울특별시 종로구 체부동,0087,202601,1498.0
11110,11200,서울특별시 종로구 체부동,0090,202601,3744.0
11110,11200,서울특별시 종로구 체부동,0094,202601,3654.0
11110,11200,서울특별시 종로구 체부동,0099,202601,2549.0
11110,11200,서울특별시 종로구 체부동,0102,202601,2780.0
11110,11200,서울특별시 종로구 체부동,0119,202601,83.0
11110,11200,서울특별시 종로구 체부동,0122,202601,1104.0
11110,11200,서울특별시 종로구 체부동,0134,202601,473.0
11110,11200,서울특별시 종로구 체부동,0136,202601,5414.0
11110,11200,서울특별시 종로구 체부동,0144,202601,957.0
11110,11200,서울특별시 종로구 체부동,0181,202601,2394.0
11110,11200,서울특별시 종로구 체부동,0183,202601,2992.0
11110,11200,서울특별시 종로구 체부동,0193,202601,2279.0
11110,11200,서울특별시 종로구 체부동,0199,202601,2857.0
11110,11300,서울특별시 종로구 필운동,0032,202601,18043.0
11110,11300,서울특별시 종로구 필운동,0049,202601,1153.0
11110,11300,서울특별시 종로구 필운동,0067,202601,1614.0
11110,11300,서울특별시 종로구 필운동,0085,202601,487.0
11110,11300,서울특별시 종로구 필운동,0087,202601,1416.0
11110,11300,서울특별시 종로구 필운동,0098,202601,606.0
11110,11300,서울특별시 종로구 필운동,0108,202601,10332.0
11110,11300,서울특별시 종로구 필운동,0110,202601,1321.0
11110,11300,서울특별시 종로구 필운동,0115,202601,11908.0
11110,11300,서울특별시 종로구 필운동,0118,202601,4274.0
11110,11300,서울특별시 종로구 필운동,0119,202601,2967.0
11110,11300,서울특별시 종로구 필운동,0120,202601,2610.0
11110,11300,서울특별시 종로구 필운동,0134,202601,397.0
11110,11300,서울특별시 종로구 필운동,0138,202601,4359.0
11110,11300,서울특별시 종로구 필운동,0148,202601,1287.0
11110,11300,서울특별시 종로구 필운동,0168,202601,8948.0
11110,11300,서울특별시 종로구 필운동,0171,202601,2210.0
11110,11300,서울특별시 종로구 필운동,0191,202601,5599.0
11110,11400,서울특별시 종로구 내자동,0005,202601,22873.0
11110,11400,서울특별시 종로구 내자동,0010,202601,4064.0
11110,11400,서울특별시 종로구 내자동,0013,202601,9990.0
11110,11400,서울특별시 종로구 내자동,0019,202601,41738.0
11110,11400,서울특별시 종로구 내자동,0020,202601,6470.0
11110,11400,서울특별시 종로구 내자동,0022,202601,1690.0
11110,11400,서울특별시 종로구 내자동,0023,202601,1941.0
11110,11400,서울특별시 종로구 내자동,0024,202601,6625.0
11110,11400,서울특별시 종로구 내자동,0026,202601,18844.0
11110,11400,서울특별시 종로구 내자동,0030,202601,14954.0
11110,11400,서울특별시 종로구 내자동,0081,202601,4654.0
11110,11400,서울특별시 종로구 내자동,0094,202601,1861.0
11110,11400,서울특별시 종로구 내자동,0097,202601,1335.0
11110,11400,서울특별시 종로구 내자동,0098,202601,2755.0
11110,11400,서울특별시 종로구 내자동,0101,202601,1478.0
11110,11400,서울특별시 종로구 내자동,0102,202601,1498.0
11110,11400,서울특별시 종로구 내자동,0105,202601,3128.0
11110,11400,서울특별시 종로구 내자동,0110,202601,2102.0
11110,11400,서울특별시 종로구 내자동,0131,202601,2105.0
11110,11400,서울특별시 종로구 내자동,0134,202601,675.0
11110,11400,서울특별시 종로구 내자동,0152,202601,3413.0
11110,11400,서울특별시 종로구 내자동,0157,202601,1562.0
11110,11400,서울특별시 종로구 내자동,0160,202601,1309.0
11110,11400,서울특별시 종로구 내자동,0162,202601,2156.0
11110,11400,서울특별시 종로구 내자동,0163,202601,1454.0
11110,11400,서울특별시 종로구 내자동,0164,202601,2276.0
11110,11400,서울특별시 종로구 내자동,0169,202601,2175.0
11110,11400,서울특별시 종로구 내자동,0171,202601,4730.0
11110,11400,서울특별시 종로구 내자동,0174,202601,2703.0
11110,11400,서울특별시 종로구 내자동,0175,202601,4860.0
11110,11400,서울특별시 종로구 내자동,0177,202601,2815.0
11110,11400,서울특별시 종로구 내자동,0180,202601,1342.0
11110,11400,서울특별시 종로구 내자동,0184,202601,3877.0
11110,11400,서울특별시 종로구 내자동,0185,202601,2151.0
11110,11400,서울특별시 종로구 내자동,0186,202601,9720.0
11110,11400,서울특별시 종로구 내자동,0188,202601,15835.0
11110,11400,서울특별시 종로구 내자동,0194,202601,4100.0
11110,11400,서울특별시 종로구 내자동,0196,202601,4495.0
11110,11400,서울특별시 종로구 내자동,0197,202601,5959.0
11110,11400,서울특별시 종로구 내자동,0198,202601,7993.0
11110,11400,서울특별시 종로구 내자동,0199,202601,1106.0
11110,11500,서울특별시 종로구 사직동,0009,202601,916912.0
11110,11500,서울특별시 종로구 사직동,0178,202601,170.0
11110,11600,서울특별시 종로구 도렴동,0032,202601,72032.0
11110,11600,서울특별시 종로구 도렴동,0060,202601,340002.0
11110,11600,서울특별시 종로구 도렴동,0083,202601,4528.0
11110,11700,서울특별시 종로구 당주동,0001,202601,6364.0
11110,11700,서울특별시 종로구 당주동,0005,202601,395976.0
11110,11700,서울특별시 종로구 당주동,0017,202601,2984.0
11110,11700,서울특별시 종로구 당주동,0018,202601,5189.0
11110,11700,서울특별시 종로구 당주동,0019,202601,17661.0
11110,11700,서울특별시 종로구 당주동,0023,202601,3897.0
11110,11700,서울특별시 종로구 당주동,0029,202601,874884.0
11110,11700,서울특별시 종로구 당주동,0030,202601,203.0
11110,11700,서울특별시 종로구 당주동,0040,202601,16296.0
11110,11700,서울특별시 종로구 당주동,0041,202601,11522.0
11110,11700,서울특별시 종로구 당주동,0043,202601,5515.0
11110,11700,서울특별시 종로구 당주동,0117,202601,6574.0
11110,11700,서울특별시 종로구 당주동,0119,202601,5396.0
11110,11700,서울특별시 종로구 당주동,0171,202601,20315.0
11110,11800,서울특별시 종로구 내수동,0001,202601,84129.0
11110,11800,서울특별시 종로구 내수동,0004,202601,33036.0
11110,11800,서울특별시 종로구 내수동,0005,202601,7148.0
11110,11800,서울특별시 종로구 내수동,0072,202601,361286.0
11110,11800,서울특별시 종로구 내수동,0075,202601,245617.0
11110,11800,서울특별시 종로구 내수동,0100,202601,119733.0
11110,11800,서울특별시 종로구 내수동,0110,202601,615.0
11110,11800,서울특별시 종로구 내수동,0167,202601,744672.0
11110,11900,서울특별시 종로구 세종로,0100,202601,979210.0
11110,11900,서울특별시 종로구 세종로,0139,202601,1072.0
11110,12000,서울특별시 종로구 신문로1가,0001,202601,4271.0
11110,12000,서울특별시 종로구 신문로1가,0024,202601,102916.0
11110,12000,서울특별시 종로구 신문로1가,0025,202601,67272.0
11110,12000,서울특별시 종로구 신문로1가,0029,202601,9900.0
11110,12000,서울특별시 종로구 신문로1가,0031,202601,16482.0
11110,12000,서울특별시 종로구 신문로1가,0034,202601,12106.0
11110,12000,서울특별시 종로구 신문로1가,0057,202601,364877.0
11110,12000,서울특별시 종로구 신문로1가,0116,202601,341685.0
11110,12000,서울특별시 종로구 신문로1가,0163,202601,407150.0
11110,12000,서울특별시 종로구 신문로1가,0197,202601,544814.0
11110,12100,서울특별시 종로구 신문로2가,0015,202601,235.0
11110,12100,서울특별시 종로구 신문로2가,0037,202601,5161.0
11110,12100,서울특별시 종로구 신문로2가,0089,202601,105947.0
11110,12100,서울특별시 종로구 신문로2가,0170,202601,56646.0
11110,12100,서울특별시 종로구 신문로2가,0171,202601,7576.0
11110,12200,서울특별시 종로구 청진동,0006,202601,27629.0
11110,12200,서울특별시 종로구 청진동,0009,202601,1412.0
11110,12200,서울특별시 종로구 청진동,0013,202601,9855.0
11110,12200,서울특별시 종로구 청진동,0017,202601,3907.0
11110,12200,서울특별시 종로구 청진동,0018,202601,16905.0
11110,12200,서울특별시 종로구 청진동,0019,202601,14694.0
11110,12200,서울특별시 종로구 청진동,0023,202601,3112.0
11110,12200,서울특별시 종로구 청진동,0026,202601,7824.0
11110,12200,서울특별시 종로구 청진동,0027,202601,5309.0
11110,12200,서울특별시 종로구 청진동,0028,202601,3334.0
11110,12200,서울특별시 종로구 청진동,0030,202601,966.0
11110,12200,서울특별시 종로구 청진동,0036,202601,3984.0
11110,12200,서울특별시 종로구 청진동,0039,202601,8129.0
11110,12200,서울특별시 종로구 청진동,0040,202601,685.0
11110,12200,서울특별시 종로구 청진동,0046,202601,1890.0
11110,12200,서울특별시 종로구 청진동,0047,202601,1958.0
11110,12200,서울특별시 종로구 청진동,0051,202601,5307.0
11110,12200,서울특별시 종로구 청진동,0070,202601,2049504.0
11110,12200,서울특별시 종로구 청진동,0128,202601,698940.0
11110,12200,서울특별시 종로구 청진동,0136,202601,107597.0
11110,12200,서울특별시 종로구 청진동,0140,202601,38998.0
11110,12200,서울특별시 종로구 청진동,0141,202601,3625.0
11110,12200,서울특별시 종로구 청진동,0188,202601,423396.0
11110,12300,서울특별시 종로구 서린동,0033,202601,719802.0
11110,12300,서울특별시 종로구 서린동,0063,202601,589.0
11110,12300,서울특별시 종로구 서린동,0070,202601,136411.0
11110,12300,서울특별시 종로구 서린동,0099,202601,789816.0
11110,12300,서울특별시 종로구 서린동,0136,202601,313032.0
11110,12300,서울특별시 종로구 서린동,0146,202601,5160.0
11110,12300,서울특별시 종로구 서린동,0149,202601,232281.0
11110,12400,서울특별시 종로구 수송동,0085,202601,287021.0
11110,12400,서울특별시 종로구 수송동,0091,202601,16260.0
11110,12400,서울특별시 종로구 수송동,0135,202601,6778.0
11110,12400,서울특별시 종로구 수송동,0156,202601,164725.0
11110,12500,서울특별시 종로구 중학동,0014,202601,867963.0
11110,12500,서울특별시 종로구 중학동,0019,202601,952704.0
11110,12700,서울특별시 종로구 공평동,0001,202601,228059.0
11110,12700,서울특별시 종로구 공평동,0005,202601,2156.0
11110,12700,서울특별시 종로구 공평동,0009,202601,12322.0
11110,12700,서울특별시 종로구 공평동,0017,202601,1422680.0
11110,12700,서울특별시 종로구 공평동,0100,202601,838638.0
11110,12700,서울특별시 종로구 공평동,0124,202601,12665.0
11110,12700,서울특별시 종로구 공평동,0129,202601,5291.0
11110,12700,서울특별시 종로구 공평동,0132,202601,4572.0
11110,12700,서울특별시 종로구 공평동,0133,202601,4867.0
11110,12700,서울특별시 종로구 공평동,0139,202601,294073.0
11110,12700,서울특별시 종로구 공평동,0144,202601,1139.0
11110,12800,서울특별시 종로구 관훈동,0001,202601,2.0
11110,12800,서울특별시 종로구 관훈동,0006,202601,5151.0
11110,12800,서울특별시 종로구 관훈동,0007,202601,1219.0
11110,12800,서울특별시 종로구 관훈동,0010,202601,6356.0
11110,12800,서울특별시 종로구 관훈동,0014,202601,5750.0
11110,12800,서울특별시 종로구 관훈동,0016,202601,11807.0
11110,12800,서울특별시 종로구 관훈동,0017,202601,4607.0
11110,12800,서울특별시 종로구 관훈동,0018,202601,4119.0
11110,12800,서울특별시 종로구 관훈동,0019,202601,3401.0
11110,12800,서울특별시 종로구 관훈동,0021,202601,38311.0
11110,12800,서울특별시 종로구 관훈동,0023,202601,19948.0
11110,12800,서울특별시 종로구 관훈동,0031,202601,2683.0
11110,12800,서울특별시 종로구 관훈동,0032,202601,5304.0
11110,12800,서울특별시 종로구 관훈동,0037,202601,4810.0
11110,12800,서울특별시 종로구 관훈동,0038,202601,92402.0
11110,12800,서울특별시 종로구 관훈동,0044,202601,5821.0
11110,12800,서울특별시 종로구 관훈동,0060,202601,1810.0
11110,12800,서울특별시 종로구 관훈동,0061,202601,1769.0
11110,12800,서울특별시 종로구 관훈동,0062,202601,4609.0
11110,12800,서울특별시 종로구 관훈동,0065,202601,2568.0
11110,12800,서울특별시 종로구 관훈동,0066,202601,1437.0
11110,12800,서울특별시 종로구 관훈동,0067,202601,4365.0
11110,12800,서울특별시 종로구 관훈동,0070,202601,1314.0
11110,12800,서울특별시 종로구 관훈동,0071,202601,2595.0
11110,12800,서울특별시 종로구 관훈동,0072,202601,18214.0
11110,12800,서울특별시 종로구 관훈동,0074,202601,6536.0
11110,12800,서울특별시 종로구 관훈동,0075,202601,2540.0
11110,12800,서울특별시 종로구 관훈동,0079,202601,9103.0
11110,12800,서울특별시 종로구 관훈동,0083,202601,379.0
11110,12800,서울특별시 종로구 관훈동,0086,202601,2515.0
11110,12800,서울특별시 종로구 관훈동,0090,202601,454.0
11110,12800,서울특별시 종로구 관훈동,0095,202601,2107.0
11110,12800,서울특별시 종로구 관훈동,0097,202601,3852.0
11110,12800,서울특별시 종로구 관훈동,0099,202601,329.0
11110,12800,서울특별시 종로구 관훈동,0103,202601,1479.0
11110,12800,서울특별시 종로구 관훈동,0105,202601,6555.0
11110,12800,서울특별시 종로구 관훈동,0106,202601,13206.0
11110,12800,서울특별시 종로구 관훈동,0108,202601,3744.0
11110,12800,서울특별시 종로구 관훈동,0110,202601,388.0
11110,12800,서울특별시 종로구 관훈동,0119,202601,4228.0
11110,12800,서울특별시 종로구 관훈동,0120,202601,10125.0
11110,12800,서울특별시 종로구 관훈동,0144,202601,11235.0
11110,12800,서울특별시 종로구 관훈동,0145,202601,2628.0
11110,12800,서울특별시 종로구 관훈동,0147,202601,1368.0
11110,12800,서울특별시 종로구 관훈동,0165,202601,3140.0
11110,12800,서울특별시 종로구 관훈동,0166,202601,2858.0
11110,12800,서울특별시 종로구 관훈동,0168,202601,6660.0
11110,12800,서울특별시 종로구 관훈동,0170,202601,2049.0
11110,12800,서울특별시 종로구 관훈동,0172,202601,893.0
11110,12800,서울특별시 종로구 관훈동,0173,202601,5869.0
11110,12800,서울특별시 종로구 관훈동,0176,202601,4219.0
11110,12800,서울특별시 종로구 관훈동,0177,202601,2911.0
11110,12800,서울특별시 종로구 관훈동,0180,202601,2062.0
11110,12800,서울특별시 종로구 관훈동,0183,202601,6371.0
11110,12800,서울특별시 종로구 관훈동,0186,202601,4803.0
11110,12800,서울특별시 종로구 관훈동,0187,202601,2779.0
11110,12800,서울특별시 종로구 관훈동,0188,202601,38837.0
11110,12800,서울특별시 종로구 관훈동,0189,202601,3168.0
11110,12800,서울특별시 종로구 관훈동,0195,202601,3211.0
11110,12900,서울특별시 종로구 견지동,0013,202601,37612.0
11110,12900,서울특별시 종로구 견지동,0019,202601,1041.0
11110,12900,서울특별시 종로구 견지동,0021,202601,12086.0
11110,12900,서울특별시 종로구 견지동,0025,202601,2772.0
11110,12900,서울특별시 종로구 견지동,0026,202601,1543.0
11110,12900,서울특별시 종로구 견지동,0030,202601,357.0
11110,12900,서울특별시 종로구 견지동,0040,202601,1267.0
11110,12900,서울특별시 종로구 견지동,0054,202601,8385.0
11110,12900,서울특별시 종로구 견지동,0065,202601,124.0
11110,12900,서울특별시 종로구 견지동,0068,202601,118677.0
11110,12900,서울특별시 종로구 견지동,0071,202601,39467.0
11110,12900,서울특별시 종로구 견지동,0081,202601,4481.0
11110,12900,서울특별시 종로구 견지동,0082,202601,211.0
11110,12900,서울특별시 종로구 견지동,0084,202601,1479.0
11110,12900,서울특별시 종로구 견지동,0088,202601,9527.0
11110,12900,서울특별시 종로구 견지동,0091,202601,34.0
11110,12900,서울특별시 종로구 견지동,0093,202601,1988.0
11110,12900,서울특별시 종로구 견지동,0095,202601,4216.0
11110,12900,서울특별시 종로구 견지동,0100,202601,3694.0
11110,12900,서울특별시 종로구 견지동,0108,202601,1170.0
11110,12900,서울특별시 종로구 견지동,0109,202601,4269.0
11110,12900,서울특별시 종로구 견지동,0110,202601,236202.0
11110,13000,서울특별시 종로구 와룡동,0021,202601,7067.0
11110,13000,서울특별시 종로구 와룡동,0023,202601,1322.0
11110,13000,서울특별시 종로구 와룡동,0030,202601,2442.0
11110,13000,서울특별시 종로구 와룡동,0033,202601,4755.0
11110,13000,서울특별시 종로구 와룡동,0037,202601,21.0
11110,13000,서울특별시 종로구 와룡동,0043,202601,3306.0
11110,13000,서울특별시 종로구 와룡동,0044,202601,2366.0
11110,13000,서울특별시 종로구 와룡동,0046,202601,3625.0
11110,13000,서울특별시 종로구 와룡동,0054,202601,611.0
11110,13000,서울특별시 종로구 와룡동,0055,202601,5156.0
11110,13000,서울특별시 종로구 와룡동,0057,202601,3267.0
11110,13000,서울특별시 종로구 와룡동,0059,202601,4622.0
11110,13000,서울특별시 종로구 와룡동,0061,202601,3028.0
11110,13000,서울특별시 종로구 와룡동,0068,202601,12419.0
11110,13000,서울특별시 종로구 와룡동,0069,202601,4338.0
11110,13000,서울특별시 종로구 와룡동,0071,202601,1005.0
11110,13000,서울특별시 종로구 와룡동,0072,202601,2120.0
11110,13000,서울특별시 종로구 와룡동,0073,202601,2958.0
11110,13000,서울특별시 종로구 와룡동,0074,202601,17614.0
11110,13000,서울특별시 종로구 와룡동,0084,202601,4546.0
11110,13000,서울특별시 종로구 와룡동,0088,202601,524.0
11110,13000,서울특별시 종로구 와룡동,0091,202601,2615.0
11110,13000,서울특별시 종로구 와룡동,0095,202601,4755.0
11110,13000,서울특별시 종로구 와룡동,0106,202601,4407.0
11110,13000,서울특별시 종로구 와룡동,0122,202601,6542.0
11110,13000,서울특별시 종로구 와룡동,0131,202601,6448.0
11110,13000,서울특별시 종로구 와룡동,0139,202601,24593.0
11110,13000,서울특별시 종로구 와룡동,0140,202601,21145.0
11110,13000,서울특별시 종로구 와룡동,0143,202601,1938.0
11110,13000,서울특별시 종로구 와룡동,0144,202601,6215.0
11110,13000,서울특별시 종로구 와룡동,0150,202601,4357.0
11110,13000,서울특별시 종로구 와룡동,0161,202601,6310.0
11110,13000,서울특별시 종로구 와룡동,0165,202601,1360.0
11110,13000,서울특별시 종로구 와룡동,0173,202601,4464.0
11110,13100,서울특별시 종로구 권농동,0010,202601,4152.0
11110,13100,서울특별시 종로구 권농동,0112,202601,157.0
11110,13100,서울특별시 종로구 권농동,0113,202601,526.0
11110,13100,서울특별시 종로구 권농동,0114,202601,71.0
11110,13100,서울특별시 종로구 권농동,0130,202601,2264.0
11110,13100,서울특별시 종로구 권농동,0133,202601,1963.0
11110,13100,서울특별시 종로구 권농동,0146,202601,558.0
11110,13100,서울특별시 종로구 권농동,0148,202601,1886.0
11110,13100,서울특별시 종로구 권농동,0149,202601,2473.0
11110,13100,서울특별시 종로구 권농동,0154,202601,736.0
11110,13100,서울특별시 종로구 권농동,0156,202601,522.0
11110,13100,서울특별시 종로구 권농동,0157,202601,2527.0
11110,13100,서울특별시 종로구 권농동,0158,202601,1655.0
11110,13100,서울특별시 종로구 권농동,0159,202601,932.0
11110,13100,서울특별시 종로구 권농동,0160,202601,5090.0
11110,13100,서울특별시 종로구 권농동,0168,202601,1428.0
11110,13100,서울특별시 종로구 권농동,0172,202601,4123.0
11110,13100,서울특별시 종로구 권농동,0174,202601,2207.0
11110,13100,서울특별시 종로구 권농동,0176,202601,801.0
11110,13100,서울특별시 종로구 권농동,0179,202601,2591.0
11110,13100,서울특별시 종로구 권농동,0180,202601,92.0
11110,13100,서울특별시 종로구 권농동,0186,202601,2433.0
11110,13200,서울특별시 종로구 운니동,0001,202601,16983.0
11110,13200,서울특별시 종로구 운니동,0014,202601,11243.0
11110,13200,서울특별시 종로구 운니동,0015,202601,1458.0
11110,13200,서울특별시 종로구 운니동,0016,202601,8287.0
11110,13200,서울특별시 종로구 운니동,0018,202601,3908.0
11110,13200,서울특별시 종로구 운니동,0019,202601,15194.0
11110,13200,서울특별시 종로구 운니동,0020,202601,19825.0
11110,13200,서울특별시 종로구 운니동,0028,202601,983.0
11110,13200,서울특별시 종로구 운니동,0032,202601,398.0
11110,13200,서울특별시 종로구 운니동,0034,202601,955.0
11110,13200,서울특별시 종로구 운니동,0039,202601,389.0
11110,13200,서울특별시 종로구 운니동,0040,202601,2825.0
11110,13200,서울특별시 종로구 운니동,0041,202601,1182.0
11110,13200,서울특별시 종로구 운니동,0047,202601,9464.0
11110,13200,서울특별시 종로구 운니동,0051,202601,2790.0
11110,13200,서울특별시 종로구 운니동,0052,202601,390.0
11110,13200,서울특별시 종로구 운니동,0056,202601,2360.0
11110,13200,서울특별시 종로구 운니동,0057,202601,7451.0
11110,13200,서울특별시 종로구 운니동,0060,202601,877.0
11110,13200,서울특별시 종로구 운니동,0061,202601,4841.0
11110,13200,서울특별시 종로구 운니동,0088,202601,266.0
11110,13200,서울특별시 종로구 운니동,0090,202601,152.0
11110,13200,서울특별시 종로구 운니동,0095,202601,4058.0
11110,13200,서울특별시 종로구 운니동,0096,202601,2758.0
11110,13300,서울특별시 종로구 익선동,0005,202601,794.0
11110,13300,서울특별시 종로구 익선동,0006,202601,909.0
11110,13300,서울특별시 종로구 익선동,0007,202601,831.0
11110,13300,서울특별시 종로구 익선동,0008,202601,1297.0
11110,13300,서울특별시 종로구 익선동,0024,202601,1473.0
11110,13300,서울특별시 종로구 익선동,0027,202601,2059.0
11110,13300,서울특별시 종로구 익선동,0028,202601,3681.0
11110,13300,서울특별시 종로구 익선동,0029,202601,8645.0
11110,13300,서울특별시 종로구 익선동,0034,202601,76148.0
11110,13300,서울특별시 종로구 익선동,0037,202601,1295.0
11110,13300,서울특별시 종로구 익선동,0043,202601,1942.0
11110,13300,서울특별시 종로구 익선동,0045,202601,1230.0
11110,13300,서울특별시 종로구 익선동,0046,202601,7403.0
11110,13300,서울특별시 종로구 익선동,0050,202601,7387.0
11110,13300,서울특별시 종로구 익선동,0052,202601,1397.0
11110,13300,서울특별시 종로구 익선동,0053,202601,16367.0
11110,13300,서울특별시 종로구 익선동,0055,202601,117005.0
11110,13300,서울특별시 종로구 익선동,0057,202601,7310.0
11110,13300,서울특별시 종로구 익선동,0076,202601,2092.0
11110,13300,서울특별시 종로구 익선동,0080,202601,2341.0
11110,13300,서울특별시 종로구 익선동,0083,202601,50.0
11110,13300,서울특별시 종로구 익선동,0085,202601,221.0
11110,13300,서울특별시 종로구 익선동,0089,202601,1603.0
11110,13300,서울특별시 종로구 익선동,0093,202601,6533.0
11110,13300,서울특별시 종로구 익선동,0096,202601,1004.0
11110,13300,서울특별시 종로구 익선동,0097,202601,7796.0
11110,13300,서울특별시 종로구 익선동,0099,202601,10471.0
11110,13300,서울특별시 종로구 익선동,0103,202601,7902.0
11110,13300,서울특별시 종로구 익선동,0105,202601,4144.0
11110,13300,서울특별시 종로구 익선동,0108,202601,3523.0
11110,13300,서울특별시 종로구 익선동,0109,202601,864.0
11110,13300,서울특별시 종로구 익선동,0111,202601,459.0
11110,13300,서울특별시 종로구 익선동,0115,202601,2309.0
11110,13300,서울특별시 종로구 익선동,0117,202601,5229.0
11110,13300,서울특별시 종로구 익선동,0118,202601,3313.0
11110,13300,서울특별시 종로구 익선동,0120,202601,4114.0
11110,13300,서울특별시 종로구 익선동,0121,202601,4807.0
11110,13300,서울특별시 종로구 익선동,0129,202601,855.0
11110,13300,서울특별시 종로구 익선동,0130,202601,2063.0
11110,13300,서울특별시 종로구 익선동,0140,202601,7710.0
11110,13300,서울특별시 종로구 익선동,0141,202601,132.0
11110,13300,서울특별시 종로구 익선동,0144,202601,5152.0
11110,13300,서울특별시 종로구 익선동,0145,202601,4181.0
11110,13300,서울특별시 종로구 익선동,0146,202601,4674.0
11110,13300,서울특별시 종로구 익선동,0148,202601,4082.0
11110,13300,서울특별시 종로구 익선동,0150,202601,4257.0
11110,13300,서울특별시 종로구 익선동,0151,202601,1758.0
11110,13300,서울특별시 종로구 익선동,0152,202601,5627.0
11110,13300,서울특별시 종로구 익선동,0157,202601,1596.0
11110,13300,서울특별시 종로구 익선동,0159,202601,6485.0
11110,13300,서울특별시 종로구 익선동,0162,202601,2212.0
11110,13300,서울특별시 종로구 익선동,0163,202601,3829.0
11110,13300,서울특별시 종로구 익선동,0165,202601,5475.0
11110,13300,서울특별시 종로구 익선동,0170,202601,18380.0
11110,13300,서울특별시 종로구 익선동,0173,202601,3232.0
11110,13400,서울특별시 종로구 경운동,0023,202601,764.0
11110,13400,서울특별시 종로구 경운동,0067,202601,847.0
11110,13400,서울특별시 종로구 경운동,0070,202601,102939.0
11110,13400,서울특별시 종로구 경운동,0074,202601,7698.0
11110,13400,서울특별시 종로구 경운동,0088,202601,113256.0
11110,13500,서울특별시 종로구 관철동,0020,202601,8.0
11110,13500,서울특별시 종로구 관철동,0021,202601,14913.0
11110,13500,서울특별시 종로구 관철동,0022,202601,22854.0
11110,13500,서울특별시 종로구 관철동,0023,202601,10217.0
11110,13500,서울특별시 종로구 관철동,0025,202601,6577.0
11110,13500,서울특별시 종로구 관철동,0026,202601,4205.0
11110,13500,서울특별시 종로구 관철동,0155,202601,183564.0
11110,13500,서울특별시 종로구 관철동,0175,202601,32962.0
11110,13500,서울특별시 종로구 관철동,0177,202601,11939.0
11110,13500,서울특별시 종로구 관철동,0180,202601,73177.0
11110,13600,서울특별시 종로구 인사동,0002,202601,4882.0
11110,13600,서울특별시 종로구 인사동,0003,202601,702.0
11110,13600,서울특별시 종로구 인사동,0004,202601,5516.0
11110,13600,서울특별시 종로구 인사동,0005,202601,2850.0
11110,13600,서울특별시 종로구 인사동,0007,202601,4870.0
11110,13600,서울특별시 종로구 인사동,0009,202601,138.0
11110,13600,서울특별시 종로구 인사동,0010,202601,3534.0
11110,13600,서울특별시 종로구 인사동,0011,202601,2653.0
11110,13600,서울특별시 종로구 인사동,0012,202601,4353.0
11110,13600,서울특별시 종로구 인사동,0015,202601,26068.0
11110,13600,서울특별시 종로구 인사동,0037,202601,11067.0
11110,13600,서울특별시 종로구 인사동,0039,202601,21650.0
11110,13600,서울특별시 종로구 인사동,0131,202601,180.0
11110,13600,서울특별시 종로구 인사동,0133,202601,13636.0
11110,13600,서울특별시 종로구 인사동,0137,202601,29505.0
11110,13600,서울특별시 종로구 인사동,0143,202601,6463.0
11110,13600,서울특별시 종로구 인사동,0146,202601,4525.0
11110,13600,서울특별시 종로구 인사동,0147,202601,5038.0
11110,13600,서울특별시 종로구 인사동,0148,202601,1830.0
11110,13600,서울특별시 종로구 인사동,0151,202601,4711.0
11110,13600,서울특별시 종로구 인사동,0152,202601,12952.0
11110,13600,서울특별시 종로구 인사동,0155,202601,4723.0
11110,13600,서울특별시 종로구 인사동,0156,202601,10082.0
11110,13600,서울특별시 종로구 인사동,0157,202601,12398.0
11110,13600,서울특별시 종로구 인사동,0161,202601,8836.0
11110,13600,서울특별시 종로구 인사동,0162,202601,3585.0
11110,13600,서울특별시 종로구 인사동,0168,202601,11282.0
11110,13600,서울특별시 종로구 인사동,0170,202601,33651.0
11110,13600,서울특별시 종로구 인사동,0173,202601,4922.0
11110,13600,서울특별시 종로구 인사동,0183,202601,5633.0
11110,13600,서울특별시 종로구 인사동,0184,202601,10522.0
11110,13600,서울특별시 종로구 인사동,0186,202601,2626.0
11110,13600,서울특별시 종로구 인사동,0193,202601,415.0
11110,13600,서울특별시 종로구 인사동,0197,202601,8022.0
11110,13700,서울특별시 종로구 낙원동,0001,202601,2136.0
11110,13700,서울특별시 종로구 낙원동,0002,202601,1041.0
11110,13700,서울특별시 종로구 낙원동,0003,202601,240.0
11110,13700,서울특별시 종로구 낙원동,0004,202601,343.0
11110,13700,서울특별시 종로구 낙원동,0005,202601,964.0
11110,13700,서울특별시 종로구 낙원동,0006,202601,16329.0
11110,13700,서울특별시 종로구 낙원동,0009,202601,16841.0
11110,13700,서울특별시 종로구 낙원동,0011,202601,2039.0
11110,13700,서울특별시 종로구 낙원동,0013,202601,1961.0
11110,13700,서울특별시 종로구 낙원동,0014,202601,9115.0
11110,13700,서울특별시 종로구 낙원동,0015,202601,7423.0
11110,13700,서울특별시 종로구 낙원동,0019,202601,377.0
11110,13700,서울특별시 종로구 낙원동,0025,202601,32841.0
11110,13700,서울특별시 종로구 낙원동,0026,202601,50.0
11110,13700,서울특별시 종로구 낙원동,0028,202601,2036.0
11110,13700,서울특별시 종로구 낙원동,0033,202601,2523.0
11110,13700,서울특별시 종로구 낙원동,0042,202601,6432.0
11110,13700,서울특별시 종로구 낙원동,0043,202601,5923.0
11110,13700,서울특별시 종로구 낙원동,0048,202601,6785.0
11110,13700,서울특별시 종로구 낙원동,0049,202601,3423.0
11110,13700,서울특별시 종로구 낙원동,0051,202601,837.0
11110,13700,서울특별시 종로구 낙원동,0052,202601,2895.0
11110,13700,서울특별시 종로구 낙원동,0056,202601,14153.0
11110,13700,서울특별시 종로구 낙원동,0066,202601,10726.0
11110,13700,서울특별시 종로구 낙원동,0073,202601,2199.0
11110,13700,서울특별시 종로구 낙원동,0075,202601,28688.0
11110,13700,서울특별시 종로구 낙원동,0076,202601,6009.0
11110,13700,서울특별시 종로구 낙원동,0077,202601,2833.0
11110,13700,서울특별시 종로구 낙원동,0084,202601,55008.0
11110,13700,서울특별시 종로구 낙원동,0086,202601,22563.0
11110,13700,서울특별시 종로구 낙원동,0090,202601,11024.0
11110,13700,서울특별시 종로구 낙원동,0092,202601,13532.0
11110,13700,서울특별시 종로구 낙원동,0093,202601,13138.0
11110,13700,서울특별시 종로구 낙원동,0102,202601,7947.0
11110,13700,서울특별시 종로구 낙원동,0110,202601,35959.0
11110,13700,서울특별시 종로구 낙원동,0119,202601,3567.0
11110,13700,서울특별시 종로구 낙원동,0122,202601,14112.0
11110,13700,서울특별시 종로구 낙원동,0133,202601,8713.0
11110,13700,서울특별시 종로구 낙원동,0136,202601,32650.0
11110,13700,서울특별시 종로구 낙원동,0137,202601,11343.0
11110,13700,서울특별시 종로구 낙원동,0139,202601,3779.0
11110,13700,서울특별시 종로구 낙원동,0141,202601,25023.0
11110,13700,서울특별시 종로구 낙원동,0142,202601,12793.0
11110,13700,서울특별시 종로구 낙원동,0143,202601,12293.0
11110,13700,서울특별시 종로구 낙원동,0146,202601,37032.0
11110,13700,서울특별시 종로구 낙원동,0147,202601,5020.0
11110,13700,서울특별시 종로구 낙원동,0148,202601,19129.0
11110,13700,서울특별시 종로구 낙원동,0149,202601,23063.0
11110,13700,서울특별시 종로구 낙원동,0151,202601,10430.0
11110,13700,서울특별시 종로구 낙원동,0159,202601,5107.0
11110,13700,서울특별시 종로구 낙원동,0161,202601,7649.0
11110,13700,서울특별시 종로구 낙원동,0162,202601,15244.0
11110,13700,서울특별시 종로구 낙원동,0163,202601,21643.0
11110,13700,서울특별시 종로구 낙원동,0166,202601,24718.0
11110,13700,서울특별시 종로구 낙원동,0172,202601,18388.0
11110,13700,서울특별시 종로구 낙원동,0175,202601,2286.0
11110,13700,서울특별시 종로구 낙원동,0176,202601,7483.0
11110,13700,서울특별시 종로구 낙원동,0177,202601,4401.0
11110,13700,서울특별시 종로구 낙원동,0178,202601,8663.0
11110,13700,서울특별시 종로구 낙원동,0179,202601,9521.0
11110,13700,서울특별시 종로구 낙원동,0180,202601,10471.0
11110,13700,서울특별시 종로구 낙원동,0181,202601,9113.0
11110,13700,서울특별시 종로구 낙원동,0184,202601,3416.0
11110,13700,서울특별시 종로구 낙원동,0186,202601,15033.0
11110,13700,서울특별시 종로구 낙원동,0187,202601,12423.0
11110,13700,서울특별시 종로구 낙원동,0190,202601,48.0
11110,13700,서울특별시 종로구 낙원동,0192,202601,10964.0
11110,13700,서울특별시 종로구 낙원동,0193,202601,21501.0
11110,13700,서울특별시 종로구 낙원동,0194,202601,8476.0
11110,13700,서울특별시 종로구 낙원동,0196,202601,19296.0
11110,13700,서울특별시 종로구 낙원동,0198,202601,20555.0
11110,13800,서울특별시 종로구 종로2가,0006,202601,88.0
11110,13800,서울특별시 종로구 종로2가,0008,202601,95868.0
11110,13800,서울특별시 종로구 종로2가,0009,202601,151060.0
11110,13800,서울특별시 종로구 종로2가,0011,202601,74.0
11110,13800,서울특별시 종로구 종로2가,0012,202601,49562.0
11110,13800,서울특별시 종로구 종로2가,0014,202601,675.0
11110,13800,서울특별시 종로구 종로2가,0017,202601,4992.0
11110,13800,서울특별시 종로구 종로2가,0019,202601,11591.0
11110,13800,서울특별시 종로구 종로2가,0020,202601,8481.0
11110,13800,서울특별시 종로구 종로2가,0021,202601,11722.0
11110,13800,서울특별시 종로구 종로2가,0023,202601,22336.0
11110,13800,서울특별시 종로구 종로2가,0024,202601,101.0
11110,13800,서울특별시 종로구 종로2가,0031,202601,319.0
11110,13800,서울특별시 종로구 종로2가,0039,202601,12441.0
11110,13800,서울특별시 종로구 종로2가,0040,202601,82884.0
11110,13900,서울특별시 종로구 팔판동,0002,202601,28.0
11110,13900,서울특별시 종로구 팔판동,0009,202601,1575.0
11110,13900,서울특별시 종로구 팔판동,0012,202601,1564.0
11110,13900,서울특별시 종로구 팔판동,0014,202601,3754.0
11110,13900,서울특별시 종로구 팔판동,0019,202601,526.0
11110,13900,서울특별시 종로구 팔판동,0027,202601,197.0
11110,13900,서울특별시 종로구 팔판동,0039,202601,1649.0
11110,13900,서울특별시 종로구 팔판동,0055,202601,4360.0
11110,13900,서울특별시 종로구 팔판동,0057,202601,258.0
11110,13900,서울특별시 종로구 팔판동,0064,202601,110.0
11110,13900,서울특별시 종로구 팔판동,0066,202601,31.0
11110,13900,서울특별시 종로구 팔판동,0067,202601,1875.0
11110,13900,서울특별시 종로구 팔판동,0070,202601,1231.0
11110,13900,서울특별시 종로구 팔판동,0071,202601,1949.0
11110,13900,서울특별시 종로구 팔판동,0072,202601,2185.0
11110,13900,서울특별시 종로구 팔판동,0082,202601,312.0
11110,13900,서울특별시 종로구 팔판동,0088,202601,186.0
11110,13900,서울특별시 종로구 팔판동,0090,202601,212.0
11110,13900,서울특별시 종로구 팔판동,0093,202601,1365.0
11110,13900,서울특별시 종로구 팔판동,0108,202601,994.0
11110,13900,서울특별시 종로구 팔판동,0109,202601,899.0
11110,13900,서울특별시 종로구 팔판동,0126,202601,980.0
11110,13900,서울특별시 종로구 팔판동,0128,202601,5689.0
11110,13900,서울특별시 종로구 팔판동,0137,202601,1512.0
11110,13900,서울특별시 종로구 팔판동,0141,202601,11279.0
11110,13900,서울특별시 종로구 팔판동,0142,202601,426.0
11110,13900,서울특별시 종로구 팔판동,0150,202601,5334.0
11110,13900,서울특별시 종로구 팔판동,0154,202601,740.0
11110,13900,서울특별시 종로구 팔판동,0156,202601,2098.0
11110,13900,서울특별시 종로구 팔판동,0158,202601,2091.0
11110,13900,서울특별시 종로구 팔판동,0160,202601,1718.0
11110,13900,서울특별시 종로구 팔판동,0161,202601,8292.0
11110,14000,서울특별시 종로구 삼청동,0004,202601,6084.0
11110,14000,서울특별시 종로구 삼청동,0005,202601,56368.0
11110,14000,서울특별시 종로구 삼청동,0009,202601,1510.0
11110,14000,서울특별시 종로구 삼청동,0011,202601,9557.0
11110,14000,서울특별시 종로구 삼청동,0012,202601,3381.0
11110,14000,서울특별시 종로구 삼청동,0022,202601,4930.0
11110,14000,서울특별시 종로구 삼청동,0029,202601,2243.0
11110,14000,서울특별시 종로구 삼청동,0035,202601,1537.0
11110,14000,서울특별시 종로구 삼청동,0037,202601,1118.0
11110,14000,서울특별시 종로구 삼청동,0039,202601,1409.0
11110,14000,서울특별시 종로구 삼청동,0046,202601,295.0
11110,14000,서울특별시 종로구 삼청동,0047,202601,1357.0
11110,14000,서울특별시 종로구 삼청동,0055,202601,250.0
11110,14000,서울특별시 종로구 삼청동,0056,202601,1033.0
11110,14000,서울특별시 종로구 삼청동,0057,202601,575.0
11110,14000,서울특별시 종로구 삼청동,0063,202601,1258.0
11110,14000,서울특별시 종로구 삼청동,0064,202601,5580.0
11110,14000,서울특별시 종로구 삼청동,0068,202601,112.0
11110,14000,서울특별시 종로구 삼청동,0069,202601,106.0
11110,14000,서울특별시 종로구 삼청동,0071,202601,4545.0
11110,14000,서울특별시 종로구 삼청동,0092,202601,355.0
11110,14000,서울특별시 종로구 삼청동,0097,202601,5111.0
11110,14000,서울특별시 종로구 삼청동,0099,202601,5655.0
11110,14000,서울특별시 종로구 삼청동,0103,202601,4525.0
11110,14000,서울특별시 종로구 삼청동,0106,202601,12176.0
11110,14000,서울특별시 종로구 삼청동,0112,202601,17612.0
11110,14000,서울특별시 종로구 삼청동,0122,202601,2949.0
11110,14000,서울특별시 종로구 삼청동,0123,202601,2887.0
11110,14000,서울특별시 종로구 삼청동,0126,202601,4382.0
11110,14000,서울특별시 종로구 삼청동,0127,202601,2261.0
11110,14000,서울특별시 종로구 삼청동,0140,202601,2215.0
11110,14000,서울특별시 종로구 삼청동,0142,202601,63410.0
11110,14100,서울특별시 종로구 안국동,0004,202601,2178.0
11110,14100,서울특별시 종로구 안국동,0009,202601,2608.0
11110,14100,서울특별시 종로구 안국동,0018,202601,3453.0
11110,14100,서울특별시 종로구 안국동,0027,202601,16840.0
11110,14100,서울특별시 종로구 안국동,0040,202601,12590.0
11110,14100,서울특별시 종로구 안국동,0045,202601,9360.0
11110,14100,서울특별시 종로구 안국동,0053,202601,7619.0
11110,14100,서울특별시 종로구 안국동,0056,202601,955.0
11110,14100,서울특별시 종로구 안국동,0057,202601,1430.0
11110,14100,서울특별시 종로구 안국동,0068,202601,49.0
11110,14100,서울특별시 종로구 안국동,0070,202601,136.0
11110,14100,서울특별시 종로구 안국동,0076,202601,251.0
11110,14100,서울특별시 종로구 안국동,0078,202601,5581.0
11110,14100,서울특별시 종로구 안국동,0083,202601,5272.0
11110,14100,서울특별시 종로구 안국동,0087,202601,354.0
11110,14100,서울특별시 종로구 안국동,0090,202601,3079.0
11110,14100,서울특별시 종로구 안국동,0092,202601,6135.0
11110,14100,서울특별시 종로구 안국동,0093,202601,4111.0
11110,14100,서울특별시 종로구 안국동,0098,202601,375.0
11110,14100,서울특별시 종로구 안국동,0103,202601,774.0
11110,14100,서울특별시 종로구 안국동,0104,202601,806.0
11110,14100,서울특별시 종로구 안국동,0106,202601,535.0
11110,14100,서울특별시 종로구 안국동,0110,202601,350.0
11110,14100,서울특별시 종로구 안국동,0113,202601,1888.0
11110,14100,서울특별시 종로구 안국동,0115,202601,3346.0
11110,14100,서울특별시 종로구 안국동,0116,202601,1145.0
11110,14100,서울특별시 종로구 안국동,0129,202601,3333.0
11110,14100,서울특별시 종로구 안국동,0130,202601,149.0
11110,14100,서울특별시 종로구 안국동,0132,202601,5777.0
11110,14100,서울특별시 종로구 안국동,0133,202601,5470.0
11110,14100,서울특별시 종로구 안국동,0134,202601,4344.0
11110,14100,서울특별시 종로구 안국동,0148,202601,58795.0
11110,14100,서울특별시 종로구 안국동,0153,202601,8560.0
11110,14100,서울특별시 종로구 안국동,0155,202601,3870.0
11110,14100,서울특별시 종로구 안국동,0159,202601,38856.0
11110,14100,서울특별시 종로구 안국동,0161,202601,2844.0
11110,14100,서울특별시 종로구 안국동,0163,202601,40078.0
11110,14100,서울특별시 종로구 안국동,0164,202601,46681.0
11110,14100,서울특별시 종로구 안국동,0170,202601,9973.0
11110,14100,서울특별시 종로구 안국동,0173,202601,1429.0
11110,14200,서울특별시 종로구 소격동,0018,202601,2258.0
11110,14200,서울특별시 종로구 소격동,0036,202601,4189.0
11110,14200,서울특별시 종로구 소격동,0037,202601,2149.0
11110,14200,서울특별시 종로구 소격동,0038,202601,1473.0
11110,14200,서울특별시 종로구 소격동,0048,202601,57383.0
11110,14200,서울특별시 종로구 소격동,0055,202601,4633.0
11110,14200,서울특별시 종로구 소격동,0056,202601,3682.0
11110,14200,서울특별시 종로구 소격동,0061,202601,479.0
11110,14200,서울특별시 종로구 소격동,0066,202601,5431.0
11110,14200,서울특별시 종로구 소격동,0073,202601,9090.0
11110,14200,서울특별시 종로구 소격동,0076,202601,11366.0
11110,14200,서울특별시 종로구 소격동,0084,202601,16040.0
11110,14200,서울특별시 종로구 소격동,0086,202601,11877.0
11110,14200,서울특별시 종로구 소격동,0090,202601,154.0
11110,14200,서울특별시 종로구 소격동,0096,202601,320.0
11110,14200,서울특별시 종로구 소격동,0101,202601,1117.0
11110,14200,서울특별시 종로구 소격동,0104,202601,942.0
11110,14200,서울특별시 종로구 소격동,0109,202601,4062.0
11110,14200,서울특별시 종로구 소격동,0112,202601,1991.0
11110,14200,서울특별시 종로구 소격동,0113,202601,481.0
11110,14200,서울특별시 종로구 소격동,0114,202601,2830.0
11110,14200,서울특별시 종로구 소격동,0121,202601,3512.0
11110,14200,서울특별시 종로구 소격동,0123,202601,1591.0
11110,14200,서울특별시 종로구 소격동,0125,202601,5089.0
11110,14200,서울특별시 종로구 소격동,0126,202601,221.0
11110,14200,서울특별시 종로구 소격동,0127,202601,9905.0
11110,14200,서울특별시 종로구 소격동,0143,202601,2077.0
11110,14200,서울특별시 종로구 소격동,0150,202601,4288.0
11110,14200,서울특별시 종로구 소격동,0152,202601,4764.0
11110,14200,서울특별시 종로구 소격동,0153,202601,3775.0
11110,14200,서울특별시 종로구 소격동,0159,202601,3187.0
11110,14200,서울특별시 종로구 소격동,0165,202601,367120.0
11110,14300,서울특별시 종로구 화동,0001,202601,137016.0
11110,14300,서울특별시 종로구 화동,0002,202601,4268.0
11110,14300,서울특별시 종로구 화동,0033,202601,244.0
11110,14300,서울특별시 종로구 화동,0034,202601,587.0
11110,14300,서울특별시 종로구 화동,0036,202601,474.0
11110,14300,서울특별시 종로구 화동,0041,202601,1.0
11110,14300,서울특별시 종로구 화동,0048,202601,310.0
11110,14300,서울특별시 종로구 화동,0050,202601,451.0
11110,14300,서울특별시 종로구 화동,0061,202601,6932.0
11110,14300,서울특별시 종로구 화동,0062,202601,733.0
11110,14300,서울특별시 종로구 화동,0070,202601,27.0
11110,14300,서울특별시 종로구 화동,0072,202601,1218.0
11110,14300,서울특별시 종로구 화동,0089,202601,2502.0
11110,14300,서울특별시 종로구 화동,0099,202601,1723.0
11110,14300,서울특별시 종로구 화동,0100,202601,3696.0
11110,14300,서울특별시 종로구 화동,0103,202601,645.0
11110,14300,서울특별시 종로구 화동,0104,202601,4012.0
11110,14300,서울특별시 종로구 화동,0117,202601,1005.0
11110,14300,서울특별시 종로구 화동,0126,202601,5659.0
11110,14300,서울특별시 종로구 화동,0132,202601,451.0
11110,14400,서울특별시 종로구 사간동,0007,202601,4035.0
11110,14400,서울특별시 종로구 사간동,0009,202601,2335.0
11110,14400,서울특별시 종로구 사간동,0013,202601,3781.0
11110,14400,서울특별시 종로구 사간동,0014,202601,985.0
11110,14400,서울특별시 종로구 사간동,0016,202601,1879.0
11110,14400,서울특별시 종로구 사간동,0025,202601,596.0
11110,14400,서울특별시 종로구 사간동,0026,202601,2321.0
11110,14400,서울특별시 종로구 사간동,0034,202601,9.0
11110,14400,서울특별시 종로구 사간동,0036,202601,1554.0
11110,14400,서울특별시 종로구 사간동,0045,202601,3365.0
11110,14400,서울특별시 종로구 사간동,0051,202601,2601.0
11110,14400,서울특별시 종로구 사간동,0060,202601,5911.0
11110,14400,서울특별시 종로구 사간동,0064,202601,3373.0
11110,14400,서울특별시 종로구 사간동,0066,202601,9648.0
11110,14400,서울특별시 종로구 사간동,0070,202601,11803.0
11110,14400,서울특별시 종로구 사간동,0074,202601,5123.0
11110,14400,서울특별시 종로구 사간동,0080,202601,14827.0
11110,14400,서울특별시 종로구 사간동,0093,202601,1677.0
11110,14400,서울특별시 종로구 사간동,0095,202601,1566.0
11110,14400,서울특별시 종로구 사간동,0108,202601,8423.0
11110,14400,서울특별시 종로구 사간동,0112,202601,35588.0
11110,14400,서울특별시 종로구 사간동,0122,202601,7327.0
11110,14500,서울특별시 종로구 송현동,0057,202601,5330.0
11110,14600,서울특별시 종로구 가회동,0012,202601,1225.0
11110,14600,서울특별시 종로구 가회동,0017,202601,6880.0
11110,14600,서울특별시 종로구 가회동,0018,202601,1383.0
11110,14600,서울특별시 종로구 가회동,0022,202601,387.0
11110,14600,서울특별시 종로구 가회동,0023,202601,271.0
11110,14600,서울특별시 종로구 가회동,0028,202601,12161.0
11110,14600,서울특별시 종로구 가회동,0042,202601,6.0
11110,14600,서울특별시 종로구 가회동,0047,202601,573.0
11110,14600,서울특별시 종로구 가회동,0057,202601,279.0
11110,14600,서울특별시 종로구 가회동,0060,202601,1080.0
11110,14600,서울특별시 종로구 가회동,0061,202601,1235.0
11110,14600,서울특별시 종로구 가회동,0063,202601,1254.0
11110,14600,서울특별시 종로구 가회동,0071,202601,173.0
11110,14600,서울특별시 종로구 가회동,0074,202601,10361.0
11110,14600,서울특별시 종로구 가회동,0087,202601,981.0
11110,14600,서울특별시 종로구 가회동,0090,202601,401.0
11110,14600,서울특별시 종로구 가회동,0097,202601,1081.0
11110,14600,서울특별시 종로구 가회동,0099,202601,315.0
11110,14600,서울특별시 종로구 가회동,0104,202601,112.0
11110,14600,서울특별시 종로구 가회동,0124,202601,119.0
11110,14600,서울특별시 종로구 가회동,0137,202601,350.0
11110,14600,서울특별시 종로구 가회동,0141,202601,1321.0
11110,14600,서울특별시 종로구 가회동,0144,202601,340.0
11110,14600,서울특별시 종로구 가회동,0145,202601,114.0
11110,14600,서울특별시 종로구 가회동,0156,202601,7090.0
11110,14600,서울특별시 종로구 가회동,0160,202601,4818.0
11110,14600,서울특별시 종로구 가회동,0163,202601,500.0
11110,14600,서울특별시 종로구 가회동,0182,202601,1286.0
11110,14600,서울특별시 종로구 가회동,0189,202601,341.0
11110,14600,서울특별시 종로구 가회동,0192,202601,936.0
11110,14700,서울특별시 종로구 재동,0008,202601,5064.0
11110,14700,서울특별시 종로구 재동,0009,202601,18198.0
11110,14700,서울특별시 종로구 재동,0012,202601,14500.0
11110,14700,서울특별시 종로구 재동,0017,202601,2719.0
11110,14700,서울특별시 종로구 재동,0028,202601,5819.0
11110,14700,서울특별시 종로구 재동,0047,202601,2779.0
11110,14700,서울특별시 종로구 재동,0062,202601,227.0
11110,14700,서울특별시 종로구 재동,0086,202601,9353.0
11110,14700,서울특별시 종로구 재동,0088,202601,1749.0
11110,14700,서울특별시 종로구 재동,0091,202601,563.0
11110,14700,서울특별시 종로구 재동,0092,202601,10110.0
11110,14700,서울특별시 종로구 재동,0109,202601,21945.0
11110,14800,서울특별시 종로구 계동,0011,202601,203.0
11110,14800,서울특별시 종로구 계동,0035,202601,2559.0
11110,14800,서울특별시 종로구 계동,0040,202601,645.0
11110,14800,서울특별시 종로구 계동,0053,202601,771.0
11110,14800,서울특별시 종로구 계동,0081,202601,1065.0
11110,14800,서울특별시 종로구 계동,0086,202601,11555.0
11110,14800,서울특별시 종로구 계동,0089,202601,594.0
11110,14800,서울특별시 종로구 계동,0105,202601,6894.0
11110,14800,서울특별시 종로구 계동,0106,202601,3020.0
11110,14800,서울특별시 종로구 계동,0109,202601,4188.0
11110,14800,서울특별시 종로구 계동,0124,202601,1699.0
11110,14800,서울특별시 종로구 계동,0145,202601,7671.0
11110,14900,서울특별시 종로구 원서동,0016,202601,2640.0
11110,14900,서울특별시 종로구 원서동,0034,202601,2913.0
11110,14900,서울특별시 종로구 원서동,0042,202601,287.0
11110,14900,서울특별시 종로구 원서동,0046,202601,1146.0
11110,14900,서울특별시 종로구 원서동,0085,202601,2035.0
11110,14900,서울특별시 종로구 원서동,0090,202601,118.0
11110,14900,서울특별시 종로구 원서동,0094,202601,4971.0
11110,14900,서울특별시 종로구 원서동,0102,202601,177.0
11110,14900,서울특별시 종로구 원서동,0123,202601,2973.0
11110,14900,서울특별시 종로구 원서동,0127,202601,385.0
11110,14900,서울특별시 종로구 원서동,0136,202601,19073.0
11110,14900,서울특별시 종로구 원서동,0141,202601,6622.0
11110,14900,서울특별시 종로구 원서동,0144,202601,2827.0
11110,14900,서울특별시 종로구 원서동,0147,202601,6304.0
11110,14900,서울특별시 종로구 원서동,0148,202601,11009.0
11110,14900,서울특별시 종로구 원서동,0152,202601,8201.0
11110,14900,서울특별시 종로구 원서동,0156,202601,3332.0
11110,14900,서울특별시 종로구 원서동,0159,202601,3246.0
11110,14900,서울특별시 종로구 원서동,0160,202601,5030.0
11110,14900,서울특별시 종로구 원서동,0161,202601,820.0
11110,14900,서울특별시 종로구 원서동,0165,202601,91180.0
11110,14900,서울특별시 종로구 원서동,0174,202601,2081.0
11110,14900,서울특별시 종로구 원서동,0178,202601,334.0
11110,15000,서울특별시 종로구 훈정동,0002,202601,6128.0
11110,15000,서울특별시 종로구 훈정동,0090,202601,2893.0
11110,15000,서울특별시 종로구 훈정동,0100,202601,112541.0
11110,15100,서울특별시 종로구 묘동,0001,202601,1476.0
11110,15100,서울특별시 종로구 묘동,0002,202601,1159.0
11110,15100,서울특별시 종로구 묘동,0004,202601,2803.0
11110,15100,서울특별시 종로구 묘동,0007,202601,11023.0
11110,15100,서울특별시 종로구 묘동,0012,202601,4486.0
11110,15100,서울특별시 종로구 묘동,0013,202601,954.0
11110,15100,서울특별시 종로구 묘동,0015,202601,2204.0
11110,15100,서울특별시 종로구 묘동,0018,202601,35539.0
11110,15100,서울특별시 종로구 묘동,0019,202601,2449.0
11110,15100,서울특별시 종로구 묘동,0027,202601,5319.0
11110,15100,서울특별시 종로구 묘동,0032,202601,7433.0
11110,15100,서울특별시 종로구 묘동,0033,202601,7049.0
11110,15100,서울특별시 종로구 묘동,0036,202601,4695.0
11110,15100,서울특별시 종로구 묘동,0045,202601,5469.0
11110,15100,서울특별시 종로구 묘동,0046,202601,6661.0
11110,15100,서울특별시 종로구 묘동,0056,202601,205398.0
11110,15100,서울특별시 종로구 묘동,0059,202601,1606.0
11110,15100,서울특별시 종로구 묘동,0061,202601,16634.0
11110,15100,서울특별시 종로구 묘동,0078,202601,10329.0
11110,15100,서울특별시 종로구 묘동,0079,202601,5825.0
11110,15100,서울특별시 종로구 묘동,0100,202601,11572.0
11110,15100,서울특별시 종로구 묘동,0101,202601,2113.0
11110,15100,서울특별시 종로구 묘동,0103,202601,6802.0
11110,15100,서울특별시 종로구 묘동,0112,202601,24683.0
11110,15100,서울특별시 종로구 묘동,0116,202601,2781.0
11110,15100,서울특별시 종로구 묘동,0118,202601,626.0
11110,15100,서울특별시 종로구 묘동,0119,202601,633.0
11110,15100,서울특별시 종로구 묘동,0120,202601,893.0
11110,15100,서울특별시 종로구 묘동,0121,202601,1394.0
11110,15100,서울특별시 종로구 묘동,0125,202601,27998.0
11110,15100,서울특별시 종로구 묘동,0126,202601,5805.0
11110,15100,서울특별시 종로구 묘동,0139,202601,2106.0
11110,15100,서울특별시 종로구 묘동,0140,202601,5748.0
11110,15100,서울특별시 종로구 묘동,0141,202601,16071.0
11110,15100,서울특별시 종로구 묘동,0147,202601,2825.0
11110,15100,서울특별시 종로구 묘동,0164,202601,10623.0
11110,15100,서울특별시 종로구 묘동,0167,202601,29.0
11110,15100,서울특별시 종로구 묘동,0175,202601,15518.0
11110,15100,서울특별시 종로구 묘동,0179,202601,10524.0
11110,15100,서울특별시 종로구 묘동,0184,202601,5430.0
11110,15100,서울특별시 종로구 묘동,0195,202601,8560.0
11110,15100,서울특별시 종로구 묘동,0198,202601,2557.0
11110,15200,서울특별시 종로구 봉익동,0002,202601,4200.0
11110,15200,서울특별시 종로구 봉익동,0006,202601,8736.0
11110,15200,서울특별시 종로구 봉익동,0021,202601,1586.0
11110,15200,서울특별시 종로구 봉익동,0023,202601,22900.0
11110,15200,서울특별시 종로구 봉익동,0026,202601,10783.0
11110,15200,서울특별시 종로구 봉익동,0041,202601,9351.0
11110,15200,서울특별시 종로구 봉익동,0049,202601,2985.0
11110,15200,서울특별시 종로구 봉익동,0050,202601,364.0
11110,15200,서울특별시 종로구 봉익동,0052,202601,5869.0
11110,15200,서울특별시 종로구 봉익동,0060,202601,4677.0
11110,15200,서울특별시 종로구 봉익동,0082,202601,17853.0
11110,15200,서울특별시 종로구 봉익동,0085,202601,2024.0
11110,15200,서울특별시 종로구 봉익동,0086,202601,2212.0
11110,15200,서울특별시 종로구 봉익동,0099,202601,7950.0
11110,15200,서울특별시 종로구 봉익동,0100,202601,32647.0
11110,15200,서울특별시 종로구 봉익동,0102,202601,19103.0
11110,15200,서울특별시 종로구 봉익동,0104,202601,312.0
11110,15200,서울특별시 종로구 봉익동,0106,202601,966.0
11110,15200,서울특별시 종로구 봉익동,0114,202601,7591.0
11110,15200,서울특별시 종로구 봉익동,0122,202601,5694.0
11110,15200,서울특별시 종로구 봉익동,0123,202601,1541.0
11110,15200,서울특별시 종로구 봉익동,0124,202601,2616.0
11110,15200,서울특별시 종로구 봉익동,0125,202601,9887.0
11110,15200,서울특별시 종로구 봉익동,0127,202601,13779.0
11110,15200,서울특별시 종로구 봉익동,0130,202601,8320.0
11110,15200,서울특별시 종로구 봉익동,0134,202601,795.0
11110,15200,서울특별시 종로구 봉익동,0136,202601,45174.0
11110,15200,서울특별시 종로구 봉익동,0146,202601,33461.0
11110,15200,서울특별시 종로구 봉익동,0147,202601,5039.0
11110,15200,서울특별시 종로구 봉익동,0149,202601,2197.0
11110,15200,서울특별시 종로구 봉익동,0150,202601,2970.0
11110,15200,서울특별시 종로구 봉익동,0153,202601,19879.0
11110,15200,서울특별시 종로구 봉익동,0154,202601,11794.0
11110,15200,서울특별시 종로구 봉익동,0156,202601,6432.0
11110,15200,서울특별시 종로구 봉익동,0162,202601,4903.0
11110,15200,서울특별시 종로구 봉익동,0163,202601,15697.0
11110,15200,서울특별시 종로구 봉익동,0168,202601,24826.0
11110,15200,서울특별시 종로구 봉익동,0169,202601,10732.0
11110,15300,서울특별시 종로구 돈의동,0001,202601,4334.0
11110,15300,서울특별시 종로구 돈의동,0003,202601,2718.0
11110,15300,서울특별시 종로구 돈의동,0004,202601,5230.0
11110,15300,서울특별시 종로구 돈의동,0008,202601,5655.0
11110,15300,서울특별시 종로구 돈의동,0009,202601,1940.0
11110,15300,서울특별시 종로구 돈의동,0010,202601,1950.0
11110,15300,서울특별시 종로구 돈의동,0012,202601,933.0
11110,15300,서울특별시 종로구 돈의동,0013,202601,9345.0
11110,15300,서울특별시 종로구 돈의동,0019,202601,10995.0
11110,15300,서울특별시 종로구 돈의동,0021,202601,11162.0
11110,15300,서울특별시 종로구 돈의동,0023,202601,5677.0
11110,15300,서울특별시 종로구 돈의동,0026,202601,5287.0
11110,15300,서울특별시 종로구 돈의동,0027,202601,1137.0
11110,15300,서울특별시 종로구 돈의동,0028,202601,5624.0
11110,15300,서울특별시 종로구 돈의동,0030,202601,13333.0
11110,15300,서울특별시 종로구 돈의동,0033,202601,2865.0
11110,15300,서울특별시 종로구 돈의동,0034,202601,7721.0
11110,15300,서울특별시 종로구 돈의동,0037,202601,22848.0
11110,15300,서울특별시 종로구 돈의동,0047,202601,2066.0
11110,15300,서울특별시 종로구 돈의동,0048,202601,1013.0
11110,15300,서울특별시 종로구 돈의동,0050,202601,14337.0
11110,15300,서울특별시 종로구 돈의동,0051,202601,10978.0
11110,15300,서울특별시 종로구 돈의동,0053,202601,11617.0
11110,15300,서울특별시 종로구 돈의동,0054,202601,1977.0
11110,15300,서울특별시 종로구 돈의동,0055,202601,8176.0
11110,15300,서울특별시 종로구 돈의동,0059,202601,9303.0
11110,15300,서울특별시 종로구 돈의동,0062,202601,14451.0
11110,15300,서울특별시 종로구 돈의동,0068,202601,38953.0
11110,15300,서울특별시 종로구 돈의동,0078,202601,17675.0
11110,15300,서울특별시 종로구 돈의동,0090,202601,6625.0
11110,15300,서울특별시 종로구 돈의동,0092,202601,2436.0
11110,15300,서울특별시 종로구 돈의동,0094,202601,622.0
11110,15300,서울특별시 종로구 돈의동,0098,202601,884.0
11110,15300,서울특별시 종로구 돈의동,0102,202601,2546.0
11110,15300,서울특별시 종로구 돈의동,0104,202601,1948.0
11110,15300,서울특별시 종로구 돈의동,0105,202601,5690.0
11110,15300,서울특별시 종로구 돈의동,0106,202601,10243.0
11110,15300,서울특별시 종로구 돈의동,0107,202601,3734.0
11110,15300,서울특별시 종로구 돈의동,0109,202601,8777.0
11110,15300,서울특별시 종로구 돈의동,0111,202601,5098.0
11110,15300,서울특별시 종로구 돈의동,0119,202601,1605.0
11110,15300,서울특별시 종로구 돈의동,0121,202601,1981.0
11110,15300,서울특별시 종로구 돈의동,0123,202601,17766.0
11110,15300,서울특별시 종로구 돈의동,0132,202601,2514.0
11110,15300,서울특별시 종로구 돈의동,0133,202601,3922.0
11110,15300,서울특별시 종로구 돈의동,0134,202601,103.0
11110,15300,서울특별시 종로구 돈의동,0135,202601,1610.0
11110,15300,서울특별시 종로구 돈의동,0136,202601,2267.0
11110,15300,서울특별시 종로구 돈의동,0137,202601,19282.0
11110,15300,서울특별시 종로구 돈의동,0153,202601,2246.0
11110,15300,서울특별시 종로구 돈의동,0155,202601,16129.0
11110,15300,서울특별시 종로구 돈의동,0159,202601,5707.0
11110,15300,서울특별시 종로구 돈의동,0160,202601,9120.0
11110,15300,서울특별시 종로구 돈의동,0162,202601,1888.0
11110,15300,서울특별시 종로구 돈의동,0163,202601,6618.0
11110,15300,서울특별시 종로구 돈의동,0166,202601,902.0
11110,15300,서울특별시 종로구 돈의동,0167,202601,821.0
11110,15300,서울특별시 종로구 돈의동,0170,202601,12744.0
11110,15400,서울특별시 종로구 장사동,0001,202601,2510.0
11110,15400,서울특별시 종로구 장사동,0002,202601,3327.0
11110,15400,서울특별시 종로구 장사동,0008,202601,4468.0
11110,15400,서울특별시 종로구 장사동,0019,202601,10948.0
11110,15400,서울특별시 종로구 장사동,0023,202601,402.0
11110,15400,서울특별시 종로구 장사동,0024,202601,601.0
11110,15400,서울특별시 종로구 장사동,0027,202601,3872.0
11110,15400,서울특별시 종로구 장사동,0028,202601,2147.0
11110,15400,서울특별시 종로구 장사동,0029,202601,1053.0
11110,15400,서울특별시 종로구 장사동,0034,202601,670.0
11110,15400,서울특별시 종로구 장사동,0035,202601,700.0
11110,15400,서울특별시 종로구 장사동,0037,202601,276.0
11110,15400,서울특별시 종로구 장사동,0039,202601,777.0
11110,15400,서울특별시 종로구 장사동,0050,202601,1059.0
11110,15400,서울특별시 종로구 장사동,0051,202601,2636.0
11110,15400,서울특별시 종로구 장사동,0052,202601,2605.0
11110,15400,서울특별시 종로구 장사동,0054,202601,1878.0
11110,15400,서울특별시 종로구 장사동,0056,202601,4670.0
11110,15400,서울특별시 종로구 장사동,0058,202601,5872.0
11110,15400,서울특별시 종로구 장사동,0061,202601,862.0
11110,15400,서울특별시 종로구 장사동,0063,202601,4739.0
11110,15400,서울특별시 종로구 장사동,0064,202601,2561.0
11110,15400,서울특별시 종로구 장사동,0065,202601,929.0
11110,15400,서울특별시 종로구 장사동,0069,202601,6099.0
11110,15400,서울특별시 종로구 장사동,0074,202601,3517.0
11110,15400,서울특별시 종로구 장사동,0075,202601,43.0
11110,15400,서울특별시 종로구 장사동,0078,202601,683.0
11110,15400,서울특별시 종로구 장사동,0080,202601,4761.0
11110,15400,서울특별시 종로구 장사동,0081,202601,2894.0
11110,15400,서울특별시 종로구 장사동,0088,202601,1421.0
11110,15400,서울특별시 종로구 장사동,0090,202601,2216.0
11110,15400,서울특별시 종로구 장사동,0091,202601,1133.0
11110,15400,서울특별시 종로구 장사동,0096,202601,1839.0
11110,15400,서울특별시 종로구 장사동,0099,202601,2024.0
11110,15400,서울특별시 종로구 장사동,0100,202601,2721.0
11110,15400,서울특별시 종로구 장사동,0116,202601,59984.0
11110,15400,서울특별시 종로구 장사동,0126,202601,500.0
11110,15400,서울특별시 종로구 장사동,0131,202601,2661.0
11110,15400,서울특별시 종로구 장사동,0190,202601,1954.0
11110,15400,서울특별시 종로구 장사동,0191,202601,4512.0
11110,15400,서울특별시 종로구 장사동,0192,202601,2713.0
11110,15400,서울특별시 종로구 장사동,0196,202601,2428.0
11110,15400,서울특별시 종로구 장사동,0197,202601,5085.0
11110,15400,서울특별시 종로구 장사동,0198,202601,1846.0
11110,15500,서울특별시 종로구 관수동,0004,202601,23112.0
11110,15500,서울특별시 종로구 관수동,0012,202601,22025.0
11110,15500,서울특별시 종로구 관수동,0015,202601,11828.0
11110,15500,서울특별시 종로구 관수동,0019,202601,23676.0
11110,15500,서울특별시 종로구 관수동,0020,202601,356710.0
11110,15500,서울특별시 종로구 관수동,0024,202601,27828.0
11110,15500,서울특별시 종로구 관수동,0040,202601,6853.0
11110,15500,서울특별시 종로구 관수동,0041,202601,2049.0
11110,15500,서울특별시 종로구 관수동,0042,202601,9668.0
11110,15500,서울특별시 종로구 관수동,0049,202601,57.0
11110,15500,서울특별시 종로구 관수동,0053,202601,1498.0
11110,15500,서울특별시 종로구 관수동,0055,202601,1063.0
11110,15500,서울특별시 종로구 관수동,0056,202601,4398.0
11110,15500,서울특별시 종로구 관수동,0057,202601,6689.0
11110,15500,서울특별시 종로구 관수동,0058,202601,3954.0
11110,15500,서울특별시 종로구 관수동,0068,202601,97.0
11110,15500,서울특별시 종로구 관수동,0073,202601,1123.0
11110,15500,서울특별시 종로구 관수동,0074,202601,343.0
11110,15500,서울특별시 종로구 관수동,0080,202601,2929.0
11110,15500,서울특별시 종로구 관수동,0084,202601,4155.0
11110,15500,서울특별시 종로구 관수동,0085,202601,4441.0
11110,15500,서울특별시 종로구 관수동,0086,202601,1818.0
11110,15500,서울특별시 종로구 관수동,0087,202601,6637.0
11110,15500,서울특별시 종로구 관수동,0089,202601,15254.0
11110,15500,서울특별시 종로구 관수동,0107,202601,24486.0
11110,15500,서울특별시 종로구 관수동,0112,202601,17511.0
11110,15500,서울특별시 종로구 관수동,0124,202601,57145.0
11110,15500,서울특별시 종로구 관수동,0131,202601,2363.0
11110,15500,서울특별시 종로구 관수동,0132,202601,2606.0
11110,15500,서울특별시 종로구 관수동,0136,202601,2631.0
11110,15500,서울특별시 종로구 관수동,0137,202601,26008.0
11110,15500,서울특별시 종로구 관수동,0139,202601,2533.0
11110,15500,서울특별시 종로구 관수동,0140,202601,20772.0
11110,15500,서울특별시 종로구 관수동,0143,202601,291.0
11110,15500,서울특별시 종로구 관수동,0144,202601,11054.0
11110,15500,서울특별시 종로구 관수동,0162,202601,3995.0
11110,15500,서울특별시 종로구 관수동,0163,202601,6063.0
11110,15600,서울특별시 종로구 종로3가,0002,202601,1869.0
11110,15600,서울특별시 종로구 종로3가,0003,202601,4482.0
11110,15600,서울특별시 종로구 종로3가,0005,202601,9869.0
11110,15600,서울특별시 종로구 종로3가,0006,202601,10756.0
11110,15600,서울특별시 종로구 종로3가,0007,202601,5808.0
11110,15600,서울특별시 종로구 종로3가,0008,202601,8803.0
11110,15600,서울특별시 종로구 종로3가,0009,202601,21120.0
11110,15600,서울특별시 종로구 종로3가,0010,202601,58916.0
11110,15600,서울특별시 종로구 종로3가,0011,202601,4784.0
11110,15600,서울특별시 종로구 종로3가,0015,202601,9056.0
11110,15600,서울특별시 종로구 종로3가,0016,202601,47598.0
11110,15600,서울특별시 종로구 종로3가,0018,202601,32542.0
11110,15600,서울특별시 종로구 종로3가,0019,202601,9133.0
11110,15600,서울특별시 종로구 종로3가,0020,202601,21798.0
11110,15600,서울특별시 종로구 종로3가,0026,202601,12068.0
11110,15600,서울특별시 종로구 종로3가,0027,202601,21982.0
11110,15600,서울특별시 종로구 종로3가,0028,202601,22560.0
11110,15600,서울특별시 종로구 종로3가,0032,202601,711.0
11110,15600,서울특별시 종로구 종로3가,0033,202601,11068.0
11110,15600,서울특별시 종로구 종로3가,0036,202601,10667.0
11110,15600,서울특별시 종로구 종로3가,0108,202601,11636.0
11110,15600,서울특별시 종로구 종로3가,0111,202601,3709.0
11110,15600,서울특별시 종로구 종로3가,0112,202601,10880.0
11110,15600,서울특별시 종로구 종로3가,0113,202601,9368.0
11110,15600,서울특별시 종로구 종로3가,0115,202601,1414.0
11110,15600,서울특별시 종로구 종로3가,0117,202601,14593.0
11110,15600,서울특별시 종로구 종로3가,0119,202601,51862.0
11110,15600,서울특별시 종로구 종로3가,0120,202601,17609.0
11110,15600,서울특별시 종로구 종로3가,0123,202601,2721.0
11110,15600,서울특별시 종로구 종로3가,0124,202601,9754.0
11110,15600,서울특별시 종로구 종로3가,0130,202601,58021.0
11110,15600,서울특별시 종로구 종로3가,0139,202601,5713.0
11110,15600,서울특별시 종로구 종로3가,0141,202601,2348.0
11110,15600,서울특별시 종로구 종로3가,0142,202601,849.0
11110,15600,서울특별시 종로구 종로3가,0143,202601,4436.0
11110,15600,서울특별시 종로구 종로3가,0147,202601,11815.0
11110,15600,서울특별시 종로구 종로3가,0150,202601,8906.0
11110,15600,서울특별시 종로구 종로3가,0154,202601,181.0
11110,15600,서울특별시 종로구 종로3가,0155,202601,3941.0
11110,15600,서울특별시 종로구 종로3가,0156,202601,124.0
11110,15600,서울특별시 종로구 종로3가,0157,202601,6779.0
11110,15600,서울특별시 종로구 종로3가,0159,202601,6578.0
11110,15600,서울특별시 종로구 종로3가,0160,202601,6073.0
11110,15600,서울특별시 종로구 종로3가,0161,202601,1111.0
11110,15600,서울특별시 종로구 종로3가,0162,202601,3945.0
11110,15600,서울특별시 종로구 종로3가,0164,202601,5003.0
11110,15600,서울특별시 종로구 종로3가,0165,202601,2946.0
11110,15600,서울특별시 종로구 종로3가,0166,202601,5798.0
11110,15600,서울특별시 종로구 종로3가,0170,202601,1996.0
11110,15600,서울특별시 종로구 종로3가,0171,202601,12290.0
11110,15700,서울특별시 종로구 인의동,0002,202601,3358.0
11110,15700,서울특별시 종로구 인의동,0004,202601,186020.0
11110,15700,서울특별시 종로구 인의동,0006,202601,1932.0
11110,15700,서울특별시 종로구 인의동,0009,202601,2101.0
11110,15700,서울특별시 종로구 인의동,0010,202601,5921.0
11110,15700,서울특별시 종로구 인의동,0012,202601,8092.0
11110,15700,서울특별시 종로구 인의동,0016,202601,4145.0
11110,15700,서울특별시 종로구 인의동,0019,202601,2604.0
11110,15700,서울특별시 종로구 인의동,0020,202601,521.0
11110,15700,서울특별시 종로구 인의동,0025,202601,8565.0
11110,15700,서울특별시 종로구 인의동,0030,202601,3482.0
11110,15700,서울특별시 종로구 인의동,0031,202601,6074.0
11110,15700,서울특별시 종로구 인의동,0032,202601,1812.0
11110,15700,서울특별시 종로구 인의동,0036,202601,13821.0
11110,15700,서울특별시 종로구 인의동,0038,202601,5705.0
11110,15700,서울특별시 종로구 인의동,0039,202601,8.0
11110,15700,서울특별시 종로구 인의동,0040,202601,1946.0
11110,15700,서울특별시 종로구 인의동,0041,202601,6946.0
11110,15700,서울특별시 종로구 인의동,0059,202601,3520.0
11110,15700,서울특별시 종로구 인의동,0072,202601,741.0
11110,15700,서울특별시 종로구 인의동,0073,202601,6129.0
11110,15700,서울특별시 종로구 인의동,0077,202601,4965.0
11110,15700,서울특별시 종로구 인의동,0086,202601,1795.0
11110,15700,서울특별시 종로구 인의동,0094,202601,1847.0
11110,15700,서울특별시 종로구 인의동,0095,202601,3797.0
11110,15700,서울특별시 종로구 인의동,0097,202601,1803.0
11110,15700,서울특별시 종로구 인의동,0113,202601,115.0
11110,15700,서울특별시 종로구 인의동,0167,202601,38649.0
11110,15800,서울특별시 종로구 예지동,0022,202601,10987.0
11110,15800,서울특별시 종로구 예지동,0025,202601,609.0
11110,15800,서울특별시 종로구 예지동,0096,202601,54.0
11110,15900,서울특별시 종로구 원남동,0013,202601,3708.0
11110,15900,서울특별시 종로구 원남동,0017,202601,422.0
11110,15900,서울특별시 종로구 원남동,0020,202601,22114.0
11110,15900,서울특별시 종로구 원남동,0025,202601,76458.0
11110,15900,서울특별시 종로구 원남동,0030,202601,370.0
11110,15900,서울특별시 종로구 원남동,0057,202601,4501.0
11110,15900,서울특별시 종로구 원남동,0062,202601,1713.0
11110,15900,서울특별시 종로구 원남동,0067,202601,518.0
11110,15900,서울특별시 종로구 원남동,0068,202601,1283.0
11110,15900,서울특별시 종로구 원남동,0069,202601,1907.0
11110,15900,서울특별시 종로구 원남동,0070,202601,4883.0
11110,15900,서울특별시 종로구 원남동,0095,202601,15187.0
11110,15900,서울특별시 종로구 원남동,0098,202601,1115.0
11110,15900,서울특별시 종로구 원남동,0103,202601,62073.0
11110,15900,서울특별시 종로구 원남동,0126,202601,2813.0
11110,15900,서울특별시 종로구 원남동,0180,202601,1869.0
11110,15900,서울특별시 종로구 원남동,0181,202601,5258.0
11110,15900,서울특별시 종로구 원남동,0184,202601,1682.0
11110,15900,서울특별시 종로구 원남동,0187,202601,40698.0
11110,15900,서울특별시 종로구 원남동,0194,202601,18743.0
11110,15900,서울특별시 종로구 원남동,0199,202601,7398.0
11110,16000,서울특별시 종로구 연지동,0007,202601,90.0
11110,16000,서울특별시 종로구 연지동,0011,202601,535.0
11110,16000,서울특별시 종로구 연지동,0013,202601,10.0
11110,16000,서울특별시 종로구 연지동,0015,202601,318.0
11110,16000,서울특별시 종로구 연지동,0017,202601,2379.0
11110,16000,서울특별시 종로구 연지동,0019,202601,671.0
11110,16000,서울특별시 종로구 연지동,0022,202601,5.0
11110,16000,서울특별시 종로구 연지동,0024,202601,880.0
11110,16000,서울특별시 종로구 연지동,0025,202601,1364.0
11110,16000,서울특별시 종로구 연지동,0030,202601,9731.0
11110,16000,서울특별시 종로구 연지동,0033,202601,1804.0
11110,16000,서울특별시 종로구 연지동,0035,202601,2014.0
11110,16000,서울특별시 종로구 연지동,0037,202601,1172.0
11110,16000,서울특별시 종로구 연지동,0039,202601,592.0
11110,16000,서울특별시 종로구 연지동,0040,202601,5851.0
11110,16000,서울특별시 종로구 연지동,0042,202601,5060.0
11110,16000,서울특별시 종로구 연지동,0045,202601,1870.0
11110,16000,서울특별시 종로구 연지동,0049,202601,1051.0
11110,16000,서울특별시 종로구 연지동,0050,202601,1515.0
11110,16000,서울특별시 종로구 연지동,0056,202601,20519.0
11110,16000,서울특별시 종로구 연지동,0058,202601,6461.0
11110,16000,서울특별시 종로구 연지동,0059,202601,8807.0
11110,16000,서울특별시 종로구 연지동,0070,202601,11203.0
11110,16000,서울특별시 종로구 연지동,0073,202601,2467.0
11110,16000,서울특별시 종로구 연지동,0080,202601,2488.0
11110,16000,서울특별시 종로구 연지동,0087,202601,2886.0
11110,16000,서울특별시 종로구 연지동,0099,202601,1789.0
11110,16000,서울특별시 종로구 연지동,0102,202601,1519.0
11110,16000,서울특별시 종로구 연지동,0105,202601,7414.0
11110,16000,서울특별시 종로구 연지동,0111,202601,6046.0
11110,16000,서울특별시 종로구 연지동,0115,202601,3625.0
11110,16000,서울특별시 종로구 연지동,0119,202601,22933.0
11110,16000,서울특별시 종로구 연지동,0122,202601,30.0
11110,16000,서울특별시 종로구 연지동,0123,202601,3524.0
11110,16000,서울특별시 종로구 연지동,0125,202601,1579.0
11110,16000,서울특별시 종로구 연지동,0126,202601,1397.0
11110,16000,서울특별시 종로구 연지동,0128,202601,21640.0
11110,16000,서울특별시 종로구 연지동,0131,202601,1981.0
11110,16000,서울특별시 종로구 연지동,0133,202601,7769.0
11110,16000,서울특별시 종로구 연지동,0135,202601,141094.0
11110,16000,서울특별시 종로구 연지동,0157,202601,2283.0
11110,16000,서울특별시 종로구 연지동,0173,202601,8400.0
11110,16000,서울특별시 종로구 연지동,0174,202601,7799.0
11110,16000,서울특별시 종로구 연지동,0178,202601,8760.0
11110,16000,서울특별시 종로구 연지동,0179,202601,951.0
11110,16000,서울특별시 종로구 연지동,0183,202601,12759.0
11110,16000,서울특별시 종로구 연지동,0184,202601,2009.0
11110,16000,서울특별시 종로구 연지동,0196,202601,964.0
11110,16000,서울특별시 종로구 연지동,0199,202601,4125.0
11110,16100,서울특별시 종로구 종로4가,0003,202601,149.0
11110,16100,서울특별시 종로구 종로4가,0005,202601,120708.0
11110,16100,서울특별시 종로구 종로4가,0006,202601,3009.0
11110,16100,서울특별시 종로구 종로4가,0007,202601,11903.0
11110,16100,서울특별시 종로구 종로4가,0008,202601,10212.0
11110,16100,서울특별시 종로구 종로4가,0010,202601,12053.0
11110,16100,서울특별시 종로구 종로4가,0011,202601,21331.0
11110,16100,서울특별시 종로구 종로4가,0027,202601,2398.0
11110,16100,서울특별시 종로구 종로4가,0030,202601,5685.0
11110,16100,서울특별시 종로구 종로4가,0034,202601,7898.0
11110,16100,서울특별시 종로구 종로4가,0054,202601,99.0
11110,16100,서울특별시 종로구 종로4가,0143,202601,1686.0
11110,16100,서울특별시 종로구 종로4가,0145,202601,6228.0
11110,16100,서울특별시 종로구 종로4가,0147,202601,4394.0
11110,16100,서울특별시 종로구 종로4가,0148,202601,10817.0
11110,16100,서울특별시 종로구 종로4가,0154,202601,1221.0
11110,16100,서울특별시 종로구 종로4가,0177,202601,22855.0
11110,16100,서울특별시 종로구 종로4가,0182,202601,8274.0
11110,16100,서울특별시 종로구 종로4가,0188,202601,33933.0
11110,16200,서울특별시 종로구 효제동,0001,202601,2334.0
11110,16200,서울특별시 종로구 효제동,0010,202601,1797.0
11110,16200,서울특별시 종로구 효제동,0013,202601,2714.0
11110,16200,서울특별시 종로구 효제동,0020,202601,25008.0
11110,16200,서울특별시 종로구 효제동,0045,202601,34357.0
11110,16200,서울특별시 종로구 효제동,0046,202601,925.0
11110,16200,서울특별시 종로구 효제동,0048,202601,7730.0
11110,16200,서울특별시 종로구 효제동,0052,202601,1910.0
11110,16200,서울특별시 종로구 효제동,0075,202601,1467.0
11110,16200,서울특별시 종로구 효제동,0077,202601,8281.0
11110,16200,서울특별시 종로구 효제동,0101,202601,2275.0
11110,16200,서울특별시 종로구 효제동,0103,202601,2551.0
11110,16200,서울특별시 종로구 효제동,0123,202601,139.0
11110,16200,서울특별시 종로구 효제동,0136,202601,932.0
11110,16200,서울특별시 종로구 효제동,0137,202601,5386.0
11110,16200,서울특별시 종로구 효제동,0139,202601,251.0
11110,16200,서울특별시 종로구 효제동,0140,202601,1876.0
11110,16200,서울특별시 종로구 효제동,0143,202601,820.0
11110,16200,서울특별시 종로구 효제동,0145,202601,10467.0
11110,16200,서울특별시 종로구 효제동,0151,202601,514.0
11110,16200,서울특별시 종로구 효제동,0155,202601,11476.0
11110,16200,서울특별시 종로구 효제동,0164,202601,14671.0
11110,16200,서울특별시 종로구 효제동,0165,202601,2269.0
11110,16200,서울특별시 종로구 효제동,0167,202601,24379.0
11110,16200,서울특별시 종로구 효제동,0182,202601,1727.0
11110,16200,서울특별시 종로구 효제동,0185,202601,2287.0
11110,16200,서울특별시 종로구 효제동,0186,202601,537.0
11110,16200,서울특별시 종로구 효제동,0189,202601,386.0
11110,16200,서울특별시 종로구 효제동,0191,202601,7742.0
11110,16200,서울특별시 종로구 효제동,0192,202601,13738.0
11110,16200,서울특별시 종로구 효제동,0198,202601,3579.0
11110,16200,서울특별시 종로구 효제동,0199,202601,9069.0
11110,16300,서울특별시 종로구 종로5가,0001,202601,9755.0
11110,16300,서울특별시 종로구 종로5가,0016,202601,748.0
11110,16300,서울특별시 종로구 종로5가,0022,202601,18076.0
11110,16300,서울특별시 종로구 종로5가,0031,202601,2407.0
11110,16300,서울특별시 종로구 종로5가,0037,202601,22859.0
11110,16300,서울특별시 종로구 종로5가,0040,202601,5494.0
11110,16300,서울특별시 종로구 종로5가,0046,202601,277.0
11110,16300,서울특별시 종로구 종로5가,0054,202601,8725.0
11110,16300,서울특별시 종로구 종로5가,0055,202601,1075.0
11110,16300,서울특별시 종로구 종로5가,0058,202601,8694.0
11110,16300,서울특별시 종로구 종로5가,0065,202601,10253.0
11110,16300,서울특별시 종로구 종로5가,0066,202601,9221.0
11110,16300,서울특별시 종로구 종로5가,0070,202601,33514.0
11110,16300,서울특별시 종로구 종로5가,0076,202601,12292.0
11110,16300,서울특별시 종로구 종로5가,0077,202601,3936.0
11110,16300,서울특별시 종로구 종로5가,0078,202601,5308.0
11110,16300,서울특별시 종로구 종로5가,0090,202601,12586.0
11110,16300,서울특별시 종로구 종로5가,0091,202601,11196.0
11110,16300,서울특별시 종로구 종로5가,0094,202601,1032.0
11110,16300,서울특별시 종로구 종로5가,0100,202601,31089.0
11110,16300,서울특별시 종로구 종로5가,0102,202601,4842.0
11110,16300,서울특별시 종로구 종로5가,0103,202601,5918.0
11110,16300,서울특별시 종로구 종로5가,0112,202601,1660.0
11110,16300,서울특별시 종로구 종로5가,0113,202601,499.0
11110,16300,서울특별시 종로구 종로5가,0114,202601,2913.0
11110,16300,서울특별시 종로구 종로5가,0115,202601,4702.0
11110,16300,서울특별시 종로구 종로5가,0116,202601,7358.0
11110,16300,서울특별시 종로구 종로5가,0118,202601,2160.0
11110,16300,서울특별시 종로구 종로5가,0119,202601,2664.0
11110,16300,서울특별시 종로구 종로5가,0138,202601,29172.0
11110,16400,서울특별시 종로구 종로6가,0007,202601,1045.0
11110,16400,서울특별시 종로구 종로6가,0008,202601,626.0
11110,16400,서울특별시 종로구 종로6가,0031,202601,594.0
11110,16400,서울특별시 종로구 종로6가,0034,202601,361.0
11110,16400,서울특별시 종로구 종로6가,0036,202601,5425.0
11110,16400,서울특별시 종로구 종로6가,0046,202601,8.0
11110,16400,서울특별시 종로구 종로6가,0049,202601,4595.0
11110,16400,서울특별시 종로구 종로6가,0070,202601,95761.0
11110,16400,서울특별시 종로구 종로6가,0076,202601,4777.0
11110,16400,서울특별시 종로구 종로6가,0077,202601,519.0
11110,16400,서울특별시 종로구 종로6가,0083,202601,4379.0
11110,16400,서울특별시 종로구 종로6가,0094,202601,3930.0
11110,16400,서울특별시 종로구 종로6가,0108,202601,2155.0
11110,16400,서울특별시 종로구 종로6가,0110,202601,30507.0
11110,16400,서울특별시 종로구 종로6가,0111,202601,1313.0
11110,16400,서울특별시 종로구 종로6가,0112,202601,1610.0
11110,16400,서울특별시 종로구 종로6가,0117,202601,3835.0
11110,16400,서울특별시 종로구 종로6가,0118,202601,1826.0
11110,16400,서울특별시 종로구 종로6가,0119,202601,1194.0
11110,16400,서울특별시 종로구 종로6가,0157,202601,8658.0
11110,16400,서울특별시 종로구 종로6가,0161,202601,14.0
11110,16400,서울특별시 종로구 종로6가,0162,202601,59.0
11110,16400,서울특별시 종로구 종로6가,0163,202601,5.0
11110,16400,서울특별시 종로구 종로6가,0164,202601,1.0
11110,16400,서울특별시 종로구 종로6가,0170,202601,40.0
11110,16400,서울특별시 종로구 종로6가,0173,202601,6348.0
11110,16400,서울특별시 종로구 종로6가,0185,202601,4868.0
11110,16400,서울특별시 종로구 종로6가,0189,202601,34301.0
11110,16400,서울특별시 종로구 종로6가,0196,202601,2369.0
11110,16400,서울특별시 종로구 종로6가,0197,202601,97.0
11110,16500,서울특별시 종로구 이화동,0014,202601,1060.0
11110,16500,서울특별시 종로구 이화동,0021,202601,14549.0
11110,16500,서울특별시 종로구 이화동,0034,202601,218.0
11110,16500,서울특별시 종로구 이화동,0057,202601,31971.0
11110,16500,서울특별시 종로구 이화동,0111,202601,1781.0
11110,16500,서울특별시 종로구 이화동,0112,202601,4875.0
11110,16500,서울특별시 종로구 이화동,0113,202601,888.0
11110,16500,서울특별시 종로구 이화동,0121,202601,3936.0
11110,16500,서울특별시 종로구 이화동,0125,202601,10264.0
11110,16500,서울특별시 종로구 이화동,0130,202601,3453.0
11110,16500,서울특별시 종로구 이화동,0134,202601,863.0
11110,16500,서울특별시 종로구 이화동,0135,202601,5473.0
11110,16500,서울특별시 종로구 이화동,0139,202601,26500.0
11110,16500,서울특별시 종로구 이화동,0191,202601,4271.0
11110,16500,서울특별시 종로구 이화동,0192,202601,3542.0
11110,16600,서울특별시 종로구 연건동,0039,202601,64728.0
11110,16600,서울특별시 종로구 연건동,0076,202601,9047.0
11110,16600,서울특별시 종로구 연건동,0082,202601,2394.0
11110,16600,서울특별시 종로구 연건동,0086,202601,5171.0
11110,16600,서울특별시 종로구 연건동,0087,202601,1896.0
11110,16600,서울특별시 종로구 연건동,0090,202601,463.0
11110,16600,서울특별시 종로구 연건동,0128,202601,731959.0
11110,16600,서울특별시 종로구 연건동,0133,202601,2108.0
11110,16700,서울특별시 종로구 충신동,0001,202601,1950.0
11110,16700,서울특별시 종로구 충신동,0003,202601,186.0
11110,16700,서울특별시 종로구 충신동,0006,202601,2192.0
11110,16700,서울특별시 종로구 충신동,0015,202601,1198.0
11110,16700,서울특별시 종로구 충신동,0043,202601,2248.0
11110,16700,서울특별시 종로구 충신동,0048,202601,785.0
11110,16700,서울특별시 종로구 충신동,0051,202601,1367.0
11110,16700,서울특별시 종로구 충신동,0060,202601,113766.0
11110,16700,서울특별시 종로구 충신동,0065,202601,2836.0
11110,16700,서울특별시 종로구 충신동,0066,202601,316.0
11110,16700,서울특별시 종로구 충신동,0070,202601,5422.0
11110,16700,서울특별시 종로구 충신동,0080,202601,1496.0
11110,16700,서울특별시 종로구 충신동,0083,202601,106.0
11110,16700,서울특별시 종로구 충신동,0085,202601,2646.0
11110,16700,서울특별시 종로구 충신동,0092,202601,1902.0
11110,16700,서울특별시 종로구 충신동,0100,202601,2580.0
11110,16700,서울특별시 종로구 충신동,0108,202601,6146.0
11110,16700,서울특별시 종로구 충신동,0110,202601,537.0
11110,16700,서울특별시 종로구 충신동,0116,202601,1633.0
11110,16700,서울특별시 종로구 충신동,0117,202601,3235.0
11110,16700,서울특별시 종로구 충신동,0119,202601,3.0
11110,16700,서울특별시 종로구 충신동,0120,202601,1427.0
11110,16700,서울특별시 종로구 충신동,0130,202601,602.0
11110,16700,서울특별시 종로구 충신동,0134,202601,43.0
11110,16700,서울특별시 종로구 충신동,0147,202601,2408.0
11110,16700,서울특별시 종로구 충신동,0148,202601,3724.0
11110,16700,서울특별시 종로구 충신동,0152,202601,618.0
11110,16700,서울특별시 종로구 충신동,0165,202601,2299.0
11110,16700,서울특별시 종로구 충신동,0170,202601,2596.0
11110,16700,서울특별시 종로구 충신동,0174,202601,444.0
11110,16700,서울특별시 종로구 충신동,0177,202601,18420.0
11110,16700,서울특별시 종로구 충신동,0184,202601,10644.0
11110,16700,서울특별시 종로구 충신동,0192,202601,202.0
11110,16700,서울특별시 종로구 충신동,0194,202601,456.0
11110,16700,서울특별시 종로구 충신동,0195,202601,1402.0
11110,16700,서울특별시 종로구 충신동,0197,202601,359.0
11110,16800,서울특별시 종로구 동숭동,0012,202601,2576.0
11110,16800,서울특별시 종로구 동숭동,0019,202601,13.0
11110,16800,서울특별시 종로구 동숭동,0022,202601,257.0
11110,16800,서울특별시 종로구 동숭동,0026,202601,1457.0
11110,16800,서울특별시 종로구 동숭동,0028,202601,13438.0
11110,16800,서울특별시 종로구 동숭동,0030,202601,11507.0
11110,16900,서울특별시 종로구 혜화동,0107,202601,2795.0
11110,18700,서울특별시 종로구 무악동,0060,202601,360509.0
11110,18700,서울특별시 종로구 무악동,0068,202601,49442.0
11110,18700,서울특별시 종로구 무악동,0075,202601,518.0
11110,18700,서울특별시 종로구 무악동,0077,202601,158.0
11110,18700,서울특별시 종로구 무악동,0079,202601,2220.0
11110,18700,서울특별시 종로구 무악동,0082,202601,364681.0
11110,18700,서울특별시 종로구 무악동,0083,202601,245412.0
11110,18700,서울특별시 종로구 무악동,0088,202601,1387.0
11110,18700,서울특별시 종로구 무악동,0089,202601,4067.0
11140,10100,서울특별시 중구 무교동,0001,202601,125302.0
11140,10100,서울특별시 중구 무교동,0007,202601,110570.0
11140,10100,서울특별시 중구 무교동,0011,202601,113185.0
11140,10100,서울특별시 중구 무교동,0019,202601,108068.0
11140,10100,서울특별시 중구 무교동,0027,202601,3687.0
11140,10100,서울특별시 중구 무교동,0031,202601,18330.0
11140,10100,서울특별시 중구 무교동,0045,202601,338449.0
11140,10100,서울특별시 중구 무교동,0077,202601,214920.0
11140,10100,서울특별시 중구 무교동,0095,202601,112136.0
11140,10100,서울특별시 중구 무교동,0096,202601,203736.0
11140,10200,서울특별시 중구 다동,0033,202601,340800.0
11140,10200,서울특별시 중구 다동,0039,202601,387367.0
11140,10200,서울특별시 중구 다동,0046,202601,4023.0
11140,10200,서울특별시 중구 다동,0050,202601,10258.0
11140,10200,서울특별시 중구 다동,0052,202601,1425.0
11140,10200,서울특별시 중구 다동,0060,202601,6815.0
11140,10200,서울특별시 중구 다동,0070,202601,324780.0
11140,10200,서울특별시 중구 다동,0085,202601,362268.0
11140,10200,서울특별시 중구 다동,0088,202601,140870.0
11140,10200,서울특별시 중구 다동,0097,202601,45486.0
11140,10200,서울특별시 중구 다동,0103,202601,106461.0
11140,10200,서울특별시 중구 다동,0111,202601,125943.0
11140,10200,서울특별시 중구 다동,0114,202601,8330.0
11140,10200,서울특별시 중구 다동,0115,202601,32872.0
11140,10200,서울특별시 중구 다동,0116,202601,3354.0
11140,10200,서울특별시 중구 다동,0120,202601,9066.0
11140,10200,서울특별시 중구 다동,0125,202601,11453.0
11140,10200,서울특별시 중구 다동,0127,202601,2361.0
11140,10200,서울특별시 중구 다동,0128,202601,14075.0
11140,10200,서울특별시 중구 다동,0129,202601,14452.0
11140,10200,서울특별시 중구 다동,0130,202601,54624.0
11140,10200,서울특별시 중구 다동,0137,202601,4671.0
11140,10200,서울특별시 중구 다동,0138,202601,13598.0
11140,10200,서울특별시 중구 다동,0140,202601,163566.0
11140,10200,서울특별시 중구 다동,0142,202601,9737.0
11140,10200,서울특별시 중구 다동,0143,202601,9125.0
11140,10200,서울특별시 중구 다동,0144,202601,8720.0
11140,10200,서울특별시 중구 다동,0155,202601,452776.0
11140,10200,서울특별시 중구 다동,0166,202601,756.0
11140,10200,서울특별시 중구 다동,0167,202601,1986.0
11140,10200,서울특별시 중구 다동,0168,202601,6685.0
11140,10200,서울특별시 중구 다동,0169,202601,6679.0
11140,10200,서울특별시 중구 다동,0172,202601,6817.0
11140,10200,서울특별시 중구 다동,0173,202601,7781.0
11140,10300,서울특별시 중구 태평로1가,0025,202601,555052.0
11140,10300,서울특별시 중구 태평로1가,0061,202601,81600.0
11140,10300,서울특별시 중구 태평로1가,0074,202601,2093.0
11140,10300,서울특별시 중구 태평로1가,0075,202601,5592.0
11140,10300,서울특별시 중구 태평로1가,0084,202601,1678933.0
11140,10400,서울특별시 중구 을지로1가,0008,202601,5.0
11140,10400,서울특별시 중구 을지로1가,0032,202601,90134.0
11140,10400,서울특별시 중구 을지로1가,0042,202601,7506.0
11140,10400,서울특별시 중구 을지로1가,0050,202601,173268.0
11140,10400,서울특별시 중구 을지로1가,0063,202601,1098.0
11140,10400,서울특별시 중구 을지로1가,0087,202601,811642.0
11140,10500,서울특별시 중구 을지로2가,0005,202601,24342.0
11140,10500,서울특별시 중구 을지로2가,0006,202601,392307.0
11140,10500,서울특별시 중구 을지로2가,0011,202601,1070956.0
11140,10500,서울특별시 중구 을지로2가,0015,202601,275262.0
11140,10500,서울특별시 중구 을지로2가,0050,202601,655536.0
11140,10500,서울특별시 중구 을지로2가,0167,202601,2535.0
11140,10500,서울특별시 중구 을지로2가,0181,202601,908442.0
11140,10500,서울특별시 중구 을지로2가,0185,202601,7573.0
11140,10500,서울특별시 중구 을지로2가,0196,202601,8259.0
11140,10500,서울특별시 중구 을지로2가,0197,202601,18423.0
11140,10500,서울특별시 중구 을지로2가,0198,202601,224816.0
11140,10600,서울특별시 중구 남대문로1가,0009,202601,553.0
11140,10600,서울특별시 중구 남대문로1가,0018,202601,153324.0
11140,10600,서울특별시 중구 남대문로1가,0019,202601,25052.0
11140,10600,서울특별시 중구 남대문로1가,0020,202601,15385.0
11140,10600,서울특별시 중구 남대문로1가,0021,202601,3228.0
11140,10700,서울특별시 중구 삼각동,0034,202601,194309.0
11140,13100,서울특별시 중구 저동1가,0048,202601,581468.0
11140,13200,서울특별시 중구 충무로4가,0016,202601,2517.0
11140,13200,서울특별시 중구 충무로4가,0019,202601,1830.0
11140,13200,서울특별시 중구 충무로4가,0022,202601,18969.0
11140,13200,서울특별시 중구 충무로4가,0025,202601,5235.0
11140,13200,서울특별시 중구 충무로4가,0026,202601,4719.0
11140,13200,서울특별시 중구 충무로4가,0055,202601,115342.0
11140,13200,서울특별시 중구 충무로4가,0079,202601,251.0
11140,13200,서울특별시 중구 충무로4가,0126,202601,96322.0
11140,13200,서울특별시 중구 충무로4가,0135,202601,5236.0
11140,13200,서울특별시 중구 충무로4가,0136,202601,3487.0
11140,13200,서울특별시 중구 충무로4가,0141,202601,1109.0
11140,13200,서울특별시 중구 충무로4가,0145,202601,1375.0
11140,13200,서울특별시 중구 충무로4가,0150,202601,11075.0
11140,13300,서울특별시 중구 충무로5가,0021,202601,43524.0
11140,13300,서울특별시 중구 충무로5가,0033,202601,1421.0
11140,13300,서울특별시 중구 충무로5가,0090,202601,760.0
11140,13400,서울특별시 중구 인현동2가,0094,202601,2480.0
11140,13400,서울특별시 중구 인현동2가,0162,202601,923.0
11140,13400,서울특별시 중구 인현동2가,0176,202601,1.0
11140,13400,서울특별시 중구 인현동2가,0185,202601,914.0
11140,13500,서울특별시 중구 예관동,0027,202601,989.0
11140,13500,서울특별시 중구 예관동,0038,202601,1628.0
11140,13500,서울특별시 중구 예관동,0060,202601,2490.0
11140,13500,서울특별시 중구 예관동,0063,202601,2292.0
11140,13500,서울특별시 중구 예관동,0126,202601,3461.0
11140,13600,서울특별시 중구 묵정동,0010,202601,3078.0
11140,13600,서울특별시 중구 묵정동,0035,202601,17514.0
11140,13700,서울특별시 중구 필동1가,0019,202601,7877.0
11140,13700,서울특별시 중구 필동1가,0026,202601,5323.0
11140,13700,서울특별시 중구 필동1가,0048,202601,298.0
11140,13800,서울특별시 중구 필동2가,0010,202601,62898.0
11140,13800,서울특별시 중구 필동2가,0025,202601,2037.0
11140,13800,서울특별시 중구 필동2가,0031,202601,2275.0
11140,13800,서울특별시 중구 필동2가,0047,202601,5634.0
11140,13800,서울특별시 중구 필동2가,0050,202601,4886.0
11140,13800,서울특별시 중구 필동2가,0053,202601,16799.0
11140,13800,서울특별시 중구 필동2가,0054,202601,9748.0
11140,13800,서울특별시 중구 필동2가,0055,202601,10368.0
11140,13800,서울특별시 중구 필동2가,0066,202601,7014.0
11140,13800,서울특별시 중구 필동2가,0068,202601,4153.0
11140,13800,서울특별시 중구 필동2가,0073,202601,5082.0
11140,13800,서울특별시 중구 필동2가,0075,202601,5563.0
11140,13800,서울특별시 중구 필동2가,0079,202601,2318.0
11140,13800,서울특별시 중구 필동2가,0088,202601,476.0
11140,13800,서울특별시 중구 필동2가,0092,202601,755.0
11140,13800,서울특별시 중구 필동2가,0093,202601,1685.0
11140,13800,서울특별시 중구 필동2가,0102,202601,78328.0
11140,13800,서울특별시 중구 필동2가,0117,202601,3658.0
11140,13800,서울특별시 중구 필동2가,0118,202601,7645.0
11140,13800,서울특별시 중구 필동2가,0129,202601,1050.0
11140,13900,서울특별시 중구 필동3가,0006,202601,1061.0
11140,13900,서울특별시 중구 필동3가,0008,202601,2890.0
11140,13900,서울특별시 중구 필동3가,0009,202601,4889.0
11140,13900,서울특별시 중구 필동3가,0015,202601,21010.0
11140,13900,서울특별시 중구 필동3가,0034,202601,2223.0
11140,13900,서울특별시 중구 필동3가,0054,202601,10692.0
11140,14000,서울특별시 중구 남학동,0018,202601,7458.0
11140,14200,서울특별시 중구 예장동,0001,202601,93921.0
11140,14300,서울특별시 중구 장충동1가,0001,202601,3174.0
11140,14300,서울특별시 중구 장충동1가,0002,202601,2433.0
11140,14300,서울특별시 중구 장충동1가,0006,202601,990.0
11140,14300,서울특별시 중구 장충동1가,0102,202601,312181.0
11140,14300,서울특별시 중구 장충동1가,0109,202601,531.0
11140,14300,서울특별시 중구 장충동1가,0117,202601,35057.0
11140,14300,서울특별시 중구 장충동1가,0118,202601,28566.0
11140,14300,서울특별시 중구 장충동1가,0119,202601,20977.0
11140,14300,서울특별시 중구 장충동1가,0121,202601,40006.0
11140,14400,서울특별시 중구 장충동2가,0002,202601,12570.0
11140,14400,서울특별시 중구 장충동2가,0013,202601,3086.0
11140,14400,서울특별시 중구 장충동2가,0015,202601,6931.0
11140,14400,서울특별시 중구 장충동2가,0017,202601,6177.0
11140,14400,서울특별시 중구 장충동2가,0032,202601,121.0
11140,14400,서울특별시 중구 장충동2가,0035,202601,1478.0
11140,14400,서울특별시 중구 장충동2가,0054,202601,1411.0
11140,14400,서울특별시 중구 장충동2가,0058,202601,55.0
11140,14400,서울특별시 중구 장충동2가,0068,202601,1310.0
11140,14400,서울특별시 중구 장충동2가,0069,202601,3292.0
11140,14400,서울특별시 중구 장충동2가,0070,202601,484.0
11140,14400,서울특별시 중구 장충동2가,0071,202601,2464.0
11140,14400,서울특별시 중구 장충동2가,0072,202601,1030.0
11140,14400,서울특별시 중구 장충동2가,0080,202601,1547.0
11140,14400,서울특별시 중구 장충동2가,0100,202601,1177.0
11140,14400,서울특별시 중구 장충동2가,0128,202601,10381.0
11140,14400,서울특별시 중구 장충동2가,0133,202601,693.0
11140,14400,서울특별시 중구 장충동2가,0138,202601,513.0
11140,14400,서울특별시 중구 장충동2가,0169,202601,310.0
11140,14400,서울특별시 중구 장충동2가,0197,202601,20299.0
11140,14500,서울특별시 중구 광희동1가,0006,202601,156.0
11140,14500,서울특별시 중구 광희동1가,0009,202601,8271.0
11140,14500,서울특별시 중구 광희동1가,0011,202601,5193.0
11140,14500,서울특별시 중구 광희동1가,0016,202601,286.0
11140,14500,서울특별시 중구 광희동1가,0030,202601,2202.0
11140,14500,서울특별시 중구 광희동1가,0035,202601,4424.0
11140,14500,서울특별시 중구 광희동1가,0039,202601,1903.0
11140,14500,서울특별시 중구 광희동1가,0045,202601,2974.0
11140,14500,서울특별시 중구 광희동1가,0049,202601,1095.0
11140,14500,서울특별시 중구 광희동1가,0071,202601,2935.0
11140,14500,서울특별시 중구 광희동1가,0077,202601,5750.0
11140,14500,서울특별시 중구 광희동1가,0081,202601,783.0
11140,14500,서울특별시 중구 광희동1가,0084,202601,29.0
11140,14500,서울특별시 중구 광희동1가,0097,202601,7178.0
11140,14500,서울특별시 중구 광희동1가,0098,202601,6902.0
11140,14500,서울특별시 중구 광희동1가,0113,202601,3127.0
11140,14500,서울특별시 중구 광희동1가,0115,202601,1599.0
11140,14500,서울특별시 중구 광희동1가,0116,202601,478.0
11140,14500,서울특별시 중구 광희동1가,0117,202601,274.0
11140,14500,서울특별시 중구 광희동1가,0120,202601,2190.0
11140,14500,서울특별시 중구 광희동1가,0121,202601,2766.0
11140,14500,서울특별시 중구 광희동1가,0124,202601,1109.0
11140,14500,서울특별시 중구 광희동1가,0126,202601,7430.0
11140,14500,서울특별시 중구 광희동1가,0127,202601,1050.0
11140,14500,서울특별시 중구 광희동1가,0130,202601,19304.0
11140,14500,서울특별시 중구 광희동1가,0134,202601,7273.0
11140,14500,서울특별시 중구 광희동1가,0142,202601,27893.0
11140,14500,서울특별시 중구 광희동1가,0149,202601,10640.0
11140,14500,서울특별시 중구 광희동1가,0153,202601,3346.0
11140,14500,서울특별시 중구 광희동1가,0155,202601,8417.0
11140,14500,서울특별시 중구 광희동1가,0162,202601,3096.0
11140,14500,서울특별시 중구 광희동1가,0164,202601,15732.0
11140,14500,서울특별시 중구 광희동1가,0166,202601,86827.0
11140,14500,서울특별시 중구 광희동1가,0169,202601,1309.0
11140,14500,서울특별시 중구 광희동1가,0174,202601,8001.0
11140,14500,서울특별시 중구 광희동1가,0186,202601,6179.0
11140,14500,서울특별시 중구 광희동1가,0188,202601,826.0
11140,14500,서울특별시 중구 광희동1가,0190,202601,5998.0
11140,14500,서울특별시 중구 광희동1가,0191,202601,4732.0
11140,14500,서울특별시 중구 광희동1가,0193,202601,4847.0
11140,14600,서울특별시 중구 광희동2가,0017,202601,104094.0
11140,14600,서울특별시 중구 광희동2가,0037,202601,33767.0
11140,14600,서울특별시 중구 광희동2가,0038,202601,6845.0
11140,14600,서울특별시 중구 광희동2가,0050,202601,5111.0
11140,14600,서울특별시 중구 광희동2가,0052,202601,7100.0
11140,14600,서울특별시 중구 광희동2가,0055,202601,2344.0
11140,14600,서울특별시 중구 광희동2가,0066,202601,1526.0
11140,14600,서울특별시 중구 광희동2가,0067,202601,2166.0
11140,14600,서울특별시 중구 광희동2가,0068,202601,1947.0
11140,14600,서울특별시 중구 광희동2가,0069,202601,512.0
11140,14600,서울특별시 중구 광희동2가,0073,202601,81523.0
11140,14600,서울특별시 중구 광희동2가,0078,202601,200.0
11140,14600,서울특별시 중구 광희동2가,0079,202601,64.0
11140,14600,서울특별시 중구 광희동2가,0080,202601,1424.0
11140,14600,서울특별시 중구 광희동2가,0093,202601,640.0
11140,14600,서울특별시 중구 광희동2가,0096,202601,12853.0
11140,14600,서울특별시 중구 광희동2가,0135,202601,342.0
11140,14600,서울특별시 중구 광희동2가,0136,202601,204.0
11140,14600,서울특별시 중구 광희동2가,0149,202601,266.0
11140,14600,서울특별시 중구 광희동2가,0172,202601,5940.0
11140,14600,서울특별시 중구 광희동2가,0176,202601,6213.0
11140,14600,서울특별시 중구 광희동2가,0179,202601,1412.0
11140,14600,서울특별시 중구 광희동2가,0180,202601,1027.0
11140,14600,서울특별시 중구 광희동2가,0182,202601,520.0
11140,14600,서울특별시 중구 광희동2가,0197,202601,558.0
11140,14700,서울특별시 중구 쌍림동,0114,202601,19748.0
11140,14700,서울특별시 중구 쌍림동,0169,202601,347.0
11140,14700,서울특별시 중구 쌍림동,0173,202601,3532.0
